dataset,size_k,side,repeat,batch,total_batch_ms,log
ok,1,current,0,0,5.225,/home/wangshaoyan/proJect/C-GpuStreamGraph-CG/logs/performance_matrix_20260912/runs/performance.ok.1k.current.c2.h0.w20.r0.attempt0.log
ok,1,current,0,1,3.157,/home/wangshaoyan/proJect/C-GpuStreamGraph-CG/logs/performance_matrix_20260912/runs/performance.ok.1k.current.c2.h0.w20.r0.attempt0.log
ok,1,current,0,2,3.034,/home/wangshaoyan/proJect/C-GpuStreamGraph-CG/logs/performance_matrix_20260912/runs/performance.ok.1k.current.c2.h0.w20.r0.attempt0.log
ok,1,current,0,3,3.102,/home/wangshaoyan/proJect/C-GpuStreamGraph-CG/logs/performance_matrix_20260912/runs/performance.ok.1k.current.c2.h0.w20.r0.attempt0.log
ok,1,current,0,4,3.488,/home/wangshaoyan/proJect/C-GpuStreamGraph-CG/logs/performance_matrix_20260912/runs/performance.ok.1k.current.c2.h0.w20.r0.attempt0.log
ok,1,current,0,5,3.444,/home/wangshaoyan/proJect/C-GpuStreamGraph-CG/logs/performance_matrix_20260912/runs/performance.ok.1k.current.c2.h0.w20.r0.attempt0.log
ok,1,current,0,6,3.798,/home/wangshaoyan/proJect/C-GpuStreamGraph-CG/logs/performance_matrix_20260912/runs/performance.ok.1k.current.c2.h0.w20.r0.attempt0.log
ok,1,current,0,7,3.691,/home/wangshaoyan/proJect/C-GpuStreamGraph-CG/logs/performance_matrix_20260912/runs/performance.ok.1k.current.c2.h0.w20.r0.attempt0.log
ok,1,current,0,8,3.981,/home/wangshaoyan/proJect/C-GpuStreamGraph-CG/logs/performance_matrix_20260912/runs/performance.ok.1k.current.c2.h0.w20.r0.attempt0.log
ok,1,current,0,9,3.705,/home/wangshaoyan/proJect/C-GpuStreamGraph-CG/logs/performance_matrix_20260912/runs/performance.ok.1k.current.c2.h0.w20.r0.attempt0.log
ok,1,current,1,0,5.026,/home/wangshaoyan/proJect/C-GpuStreamGraph-CG/logs/performance_matrix_20260912/runs/performance.ok.1k.current.c2.h0.w20.r1.attempt0.log
ok,1,current,1,1,3.181,/home/wangshaoyan/proJect/C-GpuStreamGraph-CG/logs/performance_matrix_20260912/runs/performance.ok.1k.current.c2.h0.w20.r1.attempt0.log
ok,1,current,1,2,3.071,/home/wangshaoyan/proJect/C-GpuStreamGraph-CG/logs/performance_matrix_20260912/runs/performance.ok.1k.current.c2.h0.w20.r1.attempt0.log
ok,1,current,1,3,3.202,/home/wangshaoyan/proJect/C-GpuStreamGraph-CG/logs/performance_matrix_20260912/runs/performance.ok.1k.current.c2.h0.w20.r1.attempt0.log
ok,1,current,1,4,3.745,/home/wangshaoyan/proJect/C-GpuStreamGraph-CG/logs/performance_matrix_20260912/runs/performance.ok.1k.current.c2.h0.w20.r1.attempt0.log
ok,1,current,1,5,3.641,/home/wangshaoyan/proJect/C-GpuStreamGraph-CG/logs/performance_matrix_20260912/runs/performance.ok.1k.current.c2.h0.w20.r1.attempt0.log
ok,1,current,1,6,3.906,/home/wangshaoyan/proJect/C-GpuStreamGraph-CG/logs/performance_matrix_20260912/runs/performance.ok.1k.current.c2.h0.w20.r1.attempt0.log
ok,1,current,1,7,3.747,/home/wangshaoyan/proJect/C-GpuStreamGraph-CG/logs/performance_matrix_20260912/runs/performance.ok.1k.current.c2.h0.w20.r1.attempt0.log
ok,1,current,1,8,3.971,/home/wangshaoyan/proJect/C-GpuStreamGraph-CG/logs/performance_matrix_20260912/runs/performance.ok.1k.current.c2.h0.w20.r1.attempt0.log
ok,1,current,1,9,3.732,/home/wangshaoyan/proJect/C-GpuStreamGraph-CG/logs/performance_matrix_20260912/runs/performance.ok.1k.current.c2.h0.w20.r1.attempt0.log
ok,1,current,2,0,5.36,/home/wangshaoyan/proJect/C-GpuStreamGraph-CG/logs/performance_matrix_20260912/runs/performance.ok.1k.current.c2.h0.w20.r2.attempt0.log
ok,1,current,2,1,10.536,/home/wangshaoyan/proJect/C-GpuStreamGraph-CG/logs/performance_matrix_20260912/runs/performance.ok.1k.current.c2.h0.w20.r2.attempt0.log
ok,1,current,2,2,3.716,/home/wangshaoyan/proJect/C-GpuStreamGraph-CG/logs/performance_matrix_20260912/runs/performance.ok.1k.current.c2.h0.w20.r2.attempt0.log
ok,1,current,2,3,4.001,/home/wangshaoyan/proJect/C-GpuStreamGraph-CG/logs/performance_matrix_20260912/runs/performance.ok.1k.current.c2.h0.w20.r2.attempt0.log
ok,1,current,2,4,4.517,/home/wangshaoyan/proJect/C-GpuStreamGraph-CG/logs/performance_matrix_20260912/runs/performance.ok.1k.current.c2.h0.w20.r2.attempt0.log
ok,1,current,2,5,4.12,/home/wangshaoyan/proJect/C-GpuStreamGraph-CG/logs/performance_matrix_20260912/runs/performance.ok.1k.current.c2.h0.w20.r2.attempt0.log
ok,1,current,2,6,4.296,/home/wangshaoyan/proJect/C-GpuStreamGraph-CG/logs/performance_matrix_20260912/runs/performance.ok.1k.current.c2.h0.w20.r2.attempt0.log
ok,1,current,2,7,3.739,/home/wangshaoyan/proJect/C-GpuStreamGraph-CG/logs/performance_matrix_20260912/runs/performance.ok.1k.current.c2.h0.w20.r2.attempt0.log
ok,1,current,2,8,4.016,/home/wangshaoyan/proJect/C-GpuStreamGraph-CG/logs/performance_matrix_20260912/runs/performance.ok.1k.current.c2.h0.w20.r2.attempt0.log
ok,1,current,2,9,3.669,/home/wangshaoyan/proJect/C-GpuStreamGraph-CG/logs/performance_matrix_20260912/runs/performance.ok.1k.current.c2.h0.w20.r2.attempt0.log
ok,1,original,0,0,99.187,/home/wangshaoyan/proJect/C-GpuStreamGraph-CG/logs/performance_matrix_20260912/runs/performance.ok.1k.original.c2.h1.w20.r0.attempt0.log
ok,1,original,0,1,98.023,/home/wangshaoyan/proJect/C-GpuStreamGraph-CG/logs/performance_matrix_20260912/runs/performance.ok.1k.original.c2.h1.w20.r0.attempt0.log
ok,1,original,0,2,85.564,/home/wangshaoyan/proJect/C-GpuStreamGraph-CG/logs/performance_matrix_20260912/runs/performance.ok.1k.original.c2.h1.w20.r0.attempt0.log
ok,1,original,0,3,85.521,/home/wangshaoyan/proJect/C-GpuStreamGraph-CG/logs/performance_matrix_20260912/runs/performance.ok.1k.original.c2.h1.w20.r0.attempt0.log
ok,1,original,0,4,100.351,/home/wangshaoyan/proJect/C-GpuStreamGraph-CG/logs/performance_matrix_20260912/runs/performance.ok.1k.original.c2.h1.w20.r0.attempt0.log
ok,1,original,0,5,85.796,/home/wangshaoyan/proJect/C-GpuStreamGraph-CG/logs/performance_matrix_20260912/runs/performance.ok.1k.original.c2.h1.w20.r0.attempt0.log
ok,1,original,0,6,103.395,/home/wangshaoyan/proJect/C-GpuStreamGraph-CG/logs/performance_matrix_20260912/runs/performance.ok.1k.original.c2.h1.w20.r0.attempt0.log
ok,1,original,0,7,110.253,/home/wangshaoyan/proJect/C-GpuStreamGraph-CG/logs/performance_matrix_20260912/runs/performance.ok.1k.original.c2.h1.w20.r0.attempt0.log
ok,1,original,0,8,99.69,/home/wangshaoyan/proJect/C-GpuStreamGraph-CG/logs/performance_matrix_20260912/runs/performance.ok.1k.original.c2.h1.w20.r0.attempt0.log
ok,1,original,0,9,110.232,/home/wangshaoyan/proJect/C-GpuStreamGraph-CG/logs/performance_matrix_20260912/runs/performance.ok.1k.original.c2.h1.w20.r0.attempt0.log
ok,1,original,1,0,104.307,/home/wangshaoyan/proJect/C-GpuStreamGraph-CG/logs/performance_matrix_20260912/runs/performance.ok.1k.original.c2.h1.w20.r1.attempt1.log
ok,1,original,1,1,102.589,/home/wangshaoyan/proJect/C-GpuStreamGraph-CG/logs/performance_matrix_20260912/runs/performance.ok.1k.original.c2.h1.w20.r1.attempt1.log
ok,1,original,1,2,90.131,/home/wangshaoyan/proJect/C-GpuStreamGraph-CG/logs/performance_matrix_20260912/runs/performance.ok.1k.original.c2.h1.w20.r1.attempt1.log
ok,1,original,1,3,90.154,/home/wangshaoyan/proJect/C-GpuStreamGraph-CG/logs/performance_matrix_20260912/runs/performance.ok.1k.original.c2.h1.w20.r1.attempt1.log
ok,1,original,1,4,103.331,/home/wangshaoyan/proJect/C-GpuStreamGraph-CG/logs/performance_matrix_20260912/runs/performance.ok.1k.original.c2.h1.w20.r1.attempt1.log
ok,1,original,1,5,90.418,/home/wangshaoyan/proJect/C-GpuStreamGraph-CG/logs/performance_matrix_20260912/runs/performance.ok.1k.original.c2.h1.w20.r1.attempt1.log
ok,1,original,1,6,107.844,/home/wangshaoyan/proJect/C-GpuStreamGraph-CG/logs/performance_matrix_20260912/runs/performance.ok.1k.original.c2.h1.w20.r1.attempt1.log
ok,1,original,1,7,114.99,/home/wangshaoyan/proJect/C-GpuStreamGraph-CG/logs/performance_matrix_20260912/runs/performance.ok.1k.original.c2.h1.w20.r1.attempt1.log
ok,1,original,1,8,104.014,/home/wangshaoyan/proJect/C-GpuStreamGraph-CG/logs/performance_matrix_20260912/runs/performance.ok.1k.original.c2.h1.w20.r1.attempt1.log
ok,1,original,1,9,114.678,/home/wangshaoyan/proJect/C-GpuStreamGraph-CG/logs/performance_matrix_20260912/runs/performance.ok.1k.original.c2.h1.w20.r1.attempt1.log
ok,1,original,2,0,106.913,/home/wangshaoyan/proJect/C-GpuStreamGraph-CG/logs/performance_matrix_20260912/runs/performance.ok.1k.original.c2.h1.w20.r2.attempt0.log
ok,1,original,2,1,104.112,/home/wangshaoyan/proJect/C-GpuStreamGraph-CG/logs/performance_matrix_20260912/runs/performance.ok.1k.original.c2.h1.w20.r2.attempt0.log
ok,1,original,2,2,91.244,/home/wangshaoyan/proJect/C-GpuStreamGraph-CG/logs/performance_matrix_20260912/runs/performance.ok.1k.original.c2.h1.w20.r2.attempt0.log
ok,1,original,2,3,92.449,/home/wangshaoyan/proJect/C-GpuStreamGraph-CG/logs/performance_matrix_20260912/runs/performance.ok.1k.original.c2.h1.w20.r2.attempt0.log
ok,1,original,2,4,104.238,/home/wangshaoyan/proJect/C-GpuStreamGraph-CG/logs/performance_matrix_20260912/runs/performance.ok.1k.original.c2.h1.w20.r2.attempt0.log
ok,1,original,2,5,91.035,/home/wangshaoyan/proJect/C-GpuStreamGraph-CG/logs/performance_matrix_20260912/runs/performance.ok.1k.original.c2.h1.w20.r2.attempt0.log
ok,1,original,2,6,103.068,/home/wangshaoyan/proJect/C-GpuStreamGraph-CG/logs/performance_matrix_20260912/runs/performance.ok.1k.original.c2.h1.w20.r2.attempt0.log
ok,1,original,2,7,115.371,/home/wangshaoyan/proJect/C-GpuStreamGraph-CG/logs/performance_matrix_20260912/runs/performance.ok.1k.original.c2.h1.w20.r2.attempt0.log
ok,1,original,2,8,104.052,/home/wangshaoyan/proJect/C-GpuStreamGraph-CG/logs/performance_matrix_20260912/runs/performance.ok.1k.original.c2.h1.w20.r2.attempt0.log
ok,1,original,2,9,115.475,/home/wangshaoyan/proJect/C-GpuStreamGraph-CG/logs/performance_matrix_20260912/runs/performance.ok.1k.original.c2.h1.w20.r2.attempt0.log
ok,10,current,0,0,12.075,/home/wangshaoyan/proJect/C-GpuStreamGraph-CG/logs/performance_matrix_20260912/runs/performance.ok.10k.current.c2.h0.w20.r0.attempt0.log
ok,10,current,0,1,9.687,/home/wangshaoyan/proJect/C-GpuStreamGraph-CG/logs/performance_matrix_20260912/runs/performance.ok.10k.current.c2.h0.w20.r0.attempt0.log
ok,10,current,0,2,11.129,/home/wangshaoyan/proJect/C-GpuStreamGraph-CG/logs/performance_matrix_20260912/runs/performance.ok.10k.current.c2.h0.w20.r0.attempt0.log
ok,10,current,0,3,11.969,/home/wangshaoyan/proJect/C-GpuStreamGraph-CG/logs/performance_matrix_20260912/runs/performance.ok.10k.current.c2.h0.w20.r0.attempt0.log
ok,10,current,0,4,20.172,/home/wangshaoyan/proJect/C-GpuStreamGraph-CG/logs/performance_matrix_20260912/runs/performance.ok.10k.current.c2.h0.w20.r0.attempt0.log
ok,10,current,0,5,17.795,/home/wangshaoyan/proJect/C-GpuStreamGraph-CG/logs/performance_matrix_20260912/runs/performance.ok.10k.current.c2.h0.w20.r0.attempt0.log
ok,10,current,0,6,17.156,/home/wangshaoyan/proJect/C-GpuStreamGraph-CG/logs/performance_matrix_20260912/runs/performance.ok.10k.current.c2.h0.w20.r0.attempt0.log
ok,10,current,0,7,17.488,/home/wangshaoyan/proJect/C-GpuStreamGraph-CG/logs/performance_matrix_20260912/runs/performance.ok.10k.current.c2.h0.w20.r0.attempt0.log
ok,10,current,0,8,16.252,/home/wangshaoyan/proJect/C-GpuStreamGraph-CG/logs/performance_matrix_20260912/runs/performance.ok.10k.current.c2.h0.w20.r0.attempt0.log
ok,10,current,0,9,17.928,/home/wangshaoyan/proJect/C-GpuStreamGraph-CG/logs/performance_matrix_20260912/runs/performance.ok.10k.current.c2.h0.w20.r0.attempt0.log
ok,10,current,1,0,12.716,/home/wangshaoyan/proJect/C-GpuStreamGraph-CG/logs/performance_matrix_20260912/runs/performance.ok.10k.current.c2.h0.w20.r1.attempt0.log
ok,10,current,1,1,10.05,/home/wangshaoyan/proJect/C-GpuStreamGraph-CG/logs/performance_matrix_20260912/runs/performance.ok.10k.current.c2.h0.w20.r1.attempt0.log
ok,10,current,1,2,11.341,/home/wangshaoyan/proJect/C-GpuStreamGraph-CG/logs/performance_matrix_20260912/runs/performance.ok.10k.current.c2.h0.w20.r1.attempt0.log
ok,10,current,1,3,12.031,/home/wangshaoyan/proJect/C-GpuStreamGraph-CG/logs/performance_matrix_20260912/runs/performance.ok.10k.current.c2.h0.w20.r1.attempt0.log
ok,10,current,1,4,12.588,/home/wangshaoyan/proJect/C-GpuStreamGraph-CG/logs/performance_matrix_20260912/runs/performance.ok.10k.current.c2.h0.w20.r1.attempt0.log
ok,10,current,1,5,13.679,/home/wangshaoyan/proJect/C-GpuStreamGraph-CG/logs/performance_matrix_20260912/runs/performance.ok.10k.current.c2.h0.w20.r1.attempt0.log
ok,10,current,1,6,13.644,/home/wangshaoyan/proJect/C-GpuStreamGraph-CG/logs/performance_matrix_20260912/runs/performance.ok.10k.current.c2.h0.w20.r1.attempt0.log
ok,10,current,1,7,13.599,/home/wangshaoyan/proJect/C-GpuStreamGraph-CG/logs/performance_matrix_20260912/runs/performance.ok.10k.current.c2.h0.w20.r1.attempt0.log
ok,10,current,1,8,14.001,/home/wangshaoyan/proJect/C-GpuStreamGraph-CG/logs/performance_matrix_20260912/runs/performance.ok.10k.current.c2.h0.w20.r1.attempt0.log
ok,10,current,1,9,15.602,/home/wangshaoyan/proJect/C-GpuStreamGraph-CG/logs/performance_matrix_20260912/runs/performance.ok.10k.current.c2.h0.w20.r1.attempt0.log
ok,10,current,2,0,12.272,/home/wangshaoyan/proJect/C-GpuStreamGraph-CG/logs/performance_matrix_20260912/runs/performance.ok.10k.current.c2.h0.w20.r2.attempt0.log
ok,10,current,2,1,10.246,/home/wangshaoyan/proJect/C-GpuStreamGraph-CG/logs/performance_matrix_20260912/runs/performance.ok.10k.current.c2.h0.w20.r2.attempt0.log
ok,10,current,2,2,11.331,/home/wangshaoyan/proJect/C-GpuStreamGraph-CG/logs/performance_matrix_20260912/runs/performance.ok.10k.current.c2.h0.w20.r2.attempt0.log
ok,10,current,2,3,12.078,/home/wangshaoyan/proJect/C-GpuStreamGraph-CG/logs/performance_matrix_20260912/runs/performance.ok.10k.current.c2.h0.w20.r2.attempt0.log
ok,10,current,2,4,12.482,/home/wangshaoyan/proJect/C-GpuStreamGraph-CG/logs/performance_matrix_20260912/runs/performance.ok.10k.current.c2.h0.w20.r2.attempt0.log
ok,10,current,2,5,13.549,/home/wangshaoyan/proJect/C-GpuStreamGraph-CG/logs/performance_matrix_20260912/runs/performance.ok.10k.current.c2.h0.w20.r2.attempt0.log
ok,10,current,2,6,13.328,/home/wangshaoyan/proJect/C-GpuStreamGraph-CG/logs/performance_matrix_20260912/runs/performance.ok.10k.current.c2.h0.w20.r2.attempt0.log
ok,10,current,2,7,13.454,/home/wangshaoyan/proJect/C-GpuStreamGraph-CG/logs/performance_matrix_20260912/runs/performance.ok.10k.current.c2.h0.w20.r2.attempt0.log
ok,10,current,2,8,12.651,/home/wangshaoyan/proJect/C-GpuStreamGraph-CG/logs/performance_matrix_20260912/runs/performance.ok.10k.current.c2.h0.w20.r2.attempt0.log
ok,10,current,2,9,14.29,/home/wangshaoyan/proJect/C-GpuStreamGraph-CG/logs/performance_matrix_20260912/runs/performance.ok.10k.current.c2.h0.w20.r2.attempt0.log
ok,10,original,0,0,147.399,/home/wangshaoyan/proJect/C-GpuStreamGraph-CG/logs/performance_matrix_20260912/runs/performance.ok.10k.original.c2.h1.w20.r0.attempt0.log
ok,10,original,0,1,159.221,/home/wangshaoyan/proJect/C-GpuStreamGraph-CG/logs/performance_matrix_20260912/runs/performance.ok.10k.original.c2.h1.w20.r0.attempt0.log
ok,10,original,0,2,137.595,/home/wangshaoyan/proJect/C-GpuStreamGraph-CG/logs/performance_matrix_20260912/runs/performance.ok.10k.original.c2.h1.w20.r0.attempt0.log
ok,10,original,0,3,168.54,/home/wangshaoyan/proJect/C-GpuStreamGraph-CG/logs/performance_matrix_20260912/runs/performance.ok.10k.original.c2.h1.w20.r0.attempt0.log
ok,10,original,0,4,148.35,/home/wangshaoyan/proJect/C-GpuStreamGraph-CG/logs/performance_matrix_20260912/runs/performance.ok.10k.original.c2.h1.w20.r0.attempt0.log
ok,10,original,0,5,264.58,/home/wangshaoyan/proJect/C-GpuStreamGraph-CG/logs/performance_matrix_20260912/runs/performance.ok.10k.original.c2.h1.w20.r0.attempt0.log
ok,10,original,0,6,170.036,/home/wangshaoyan/proJect/C-GpuStreamGraph-CG/logs/performance_matrix_20260912/runs/performance.ok.10k.original.c2.h1.w20.r0.attempt0.log
ok,10,original,0,7,172.1,/home/wangshaoyan/proJect/C-GpuStreamGraph-CG/logs/performance_matrix_20260912/runs/performance.ok.10k.original.c2.h1.w20.r0.attempt0.log
ok,10,original,0,8,149.21,/home/wangshaoyan/proJect/C-GpuStreamGraph-CG/logs/performance_matrix_20260912/runs/performance.ok.10k.original.c2.h1.w20.r0.attempt0.log
ok,10,original,0,9,148.438,/home/wangshaoyan/proJect/C-GpuStreamGraph-CG/logs/performance_matrix_20260912/runs/performance.ok.10k.original.c2.h1.w20.r0.attempt0.log
ok,10,original,1,0,148.585,/home/wangshaoyan/proJect/C-GpuStreamGraph-CG/logs/performance_matrix_20260912/runs/performance.ok.10k.original.c2.h1.w20.r1.attempt0.log
ok,10,original,1,1,161.16,/home/wangshaoyan/proJect/C-GpuStreamGraph-CG/logs/performance_matrix_20260912/runs/performance.ok.10k.original.c2.h1.w20.r1.attempt0.log
ok,10,original,1,2,137.669,/home/wangshaoyan/proJect/C-GpuStreamGraph-CG/logs/performance_matrix_20260912/runs/performance.ok.10k.original.c2.h1.w20.r1.attempt0.log
ok,10,original,1,3,160.449,/home/wangshaoyan/proJect/C-GpuStreamGraph-CG/logs/performance_matrix_20260912/runs/performance.ok.10k.original.c2.h1.w20.r1.attempt0.log
ok,10,original,1,4,147.807,/home/wangshaoyan/proJect/C-GpuStreamGraph-CG/logs/performance_matrix_20260912/runs/performance.ok.10k.original.c2.h1.w20.r1.attempt0.log
ok,10,original,1,5,266.186,/home/wangshaoyan/proJect/C-GpuStreamGraph-CG/logs/performance_matrix_20260912/runs/performance.ok.10k.original.c2.h1.w20.r1.attempt0.log
ok,10,original,1,6,177.199,/home/wangshaoyan/proJect/C-GpuStreamGraph-CG/logs/performance_matrix_20260912/runs/performance.ok.10k.original.c2.h1.w20.r1.attempt0.log
ok,10,original,1,7,173.38,/home/wangshaoyan/proJect/C-GpuStreamGraph-CG/logs/performance_matrix_20260912/runs/performance.ok.10k.original.c2.h1.w20.r1.attempt0.log
ok,10,original,1,8,148.095,/home/wangshaoyan/proJect/C-GpuStreamGraph-CG/logs/performance_matrix_20260912/runs/performance.ok.10k.original.c2.h1.w20.r1.attempt0.log
ok,10,original,1,9,148.734,/home/wangshaoyan/proJect/C-GpuStreamGraph-CG/logs/performance_matrix_20260912/runs/performance.ok.10k.original.c2.h1.w20.r1.attempt0.log
ok,10,original,2,0,148.204,/home/wangshaoyan/proJect/C-GpuStreamGraph-CG/logs/performance_matrix_20260912/runs/performance.ok.10k.original.c2.h1.w20.r2.attempt0.log
ok,10,original,2,1,159.09,/home/wangshaoyan/proJect/C-GpuStreamGraph-CG/logs/performance_matrix_20260912/runs/performance.ok.10k.original.c2.h1.w20.r2.attempt0.log
ok,10,original,2,2,136.3,/home/wangshaoyan/proJect/C-GpuStreamGraph-CG/logs/performance_matrix_20260912/runs/performance.ok.10k.original.c2.h1.w20.r2.attempt0.log
ok,10,original,2,3,159.088,/home/wangshaoyan/proJect/C-GpuStreamGraph-CG/logs/performance_matrix_20260912/runs/performance.ok.10k.original.c2.h1.w20.r2.attempt0.log
ok,10,original,2,4,147.701,/home/wangshaoyan/proJect/C-GpuStreamGraph-CG/logs/performance_matrix_20260912/runs/performance.ok.10k.original.c2.h1.w20.r2.attempt0.log
ok,10,original,2,5,270.196,/home/wangshaoyan/proJect/C-GpuStreamGraph-CG/logs/performance_matrix_20260912/runs/performance.ok.10k.original.c2.h1.w20.r2.attempt0.log
ok,10,original,2,6,170.202,/home/wangshaoyan/proJect/C-GpuStreamGraph-CG/logs/performance_matrix_20260912/runs/performance.ok.10k.original.c2.h1.w20.r2.attempt0.log
ok,10,original,2,7,171.304,/home/wangshaoyan/proJect/C-GpuStreamGraph-CG/logs/performance_matrix_20260912/runs/performance.ok.10k.original.c2.h1.w20.r2.attempt0.log
ok,10,original,2,8,147.037,/home/wangshaoyan/proJect/C-GpuStreamGraph-CG/logs/performance_matrix_20260912/runs/performance.ok.10k.original.c2.h1.w20.r2.attempt0.log
ok,10,original,2,9,147.064,/home/wangshaoyan/proJect/C-GpuStreamGraph-CG/logs/performance_matrix_20260912/runs/performance.ok.10k.original.c2.h1.w20.r2.attempt0.log
ok,100,current,0,0,88.4,/home/wangshaoyan/proJect/C-GpuStreamGraph-CG/logs/performance_matrix_20260912/runs/performance.ok.100k.current.c2.h0.w20.r0.attempt0.log
ok,100,current,0,1,86.358,/home/wangshaoyan/proJect/C-GpuStreamGraph-CG/logs/performance_matrix_20260912/runs/performance.ok.100k.current.c2.h0.w20.r0.attempt0.log
ok,100,current,0,2,100.332,/home/wangshaoyan/proJect/C-GpuStreamGraph-CG/logs/performance_matrix_20260912/runs/performance.ok.100k.current.c2.h0.w20.r0.attempt0.log
ok,100,current,0,3,116.421,/home/wangshaoyan/proJect/C-GpuStreamGraph-CG/logs/performance_matrix_20260912/runs/performance.ok.100k.current.c2.h0.w20.r0.attempt0.log
ok,100,current,0,4,139.402,/home/wangshaoyan/proJect/C-GpuStreamGraph-CG/logs/performance_matrix_20260912/runs/performance.ok.100k.current.c2.h0.w20.r0.attempt0.log
ok,100,current,0,5,166.305,/home/wangshaoyan/proJect/C-GpuStreamGraph-CG/logs/performance_matrix_20260912/runs/performance.ok.100k.current.c2.h0.w20.r0.attempt0.log
ok,100,current,0,6,115.707,/home/wangshaoyan/proJect/C-GpuStreamGraph-CG/logs/performance_matrix_20260912/runs/performance.ok.100k.current.c2.h0.w20.r0.attempt0.log
ok,100,current,0,7,192.955,/home/wangshaoyan/proJect/C-GpuStreamGraph-CG/logs/performance_matrix_20260912/runs/performance.ok.100k.current.c2.h0.w20.r0.attempt0.log
ok,100,current,0,8,171.056,/home/wangshaoyan/proJect/C-GpuStreamGraph-CG/logs/performance_matrix_20260912/runs/performance.ok.100k.current.c2.h0.w20.r0.attempt0.log
ok,100,current,0,9,169.708,/home/wangshaoyan/proJect/C-GpuStreamGraph-CG/logs/performance_matrix_20260912/runs/performance.ok.100k.current.c2.h0.w20.r0.attempt0.log
ok,100,current,1,0,93.05,/home/wangshaoyan/proJect/C-GpuStreamGraph-CG/logs/performance_matrix_20260912/runs/performance.ok.100k.current.c2.h0.w20.r1.attempt0.log
ok,100,current,1,1,86.812,/home/wangshaoyan/proJect/C-GpuStreamGraph-CG/logs/performance_matrix_20260912/runs/performance.ok.100k.current.c2.h0.w20.r1.attempt0.log
ok,100,current,1,2,101.704,/home/wangshaoyan/proJect/C-GpuStreamGraph-CG/logs/performance_matrix_20260912/runs/performance.ok.100k.current.c2.h0.w20.r1.attempt0.log
ok,100,current,1,3,118.025,/home/wangshaoyan/proJect/C-GpuStreamGraph-CG/logs/performance_matrix_20260912/runs/performance.ok.100k.current.c2.h0.w20.r1.attempt0.log
ok,100,current,1,4,139.052,/home/wangshaoyan/proJect/C-GpuStreamGraph-CG/logs/performance_matrix_20260912/runs/performance.ok.100k.current.c2.h0.w20.r1.attempt0.log
ok,100,current,1,5,145.028,/home/wangshaoyan/proJect/C-GpuStreamGraph-CG/logs/performance_matrix_20260912/runs/performance.ok.100k.current.c2.h0.w20.r1.attempt0.log
ok,100,current,1,6,115.488,/home/wangshaoyan/proJect/C-GpuStreamGraph-CG/logs/performance_matrix_20260912/runs/performance.ok.100k.current.c2.h0.w20.r1.attempt0.log
ok,100,current,1,7,183.947,/home/wangshaoyan/proJect/C-GpuStreamGraph-CG/logs/performance_matrix_20260912/runs/performance.ok.100k.current.c2.h0.w20.r1.attempt0.log
ok,100,current,1,8,177.08,/home/wangshaoyan/proJect/C-GpuStreamGraph-CG/logs/performance_matrix_20260912/runs/performance.ok.100k.current.c2.h0.w20.r1.attempt0.log
ok,100,current,1,9,166.79,/home/wangshaoyan/proJect/C-GpuStreamGraph-CG/logs/performance_matrix_20260912/runs/performance.ok.100k.current.c2.h0.w20.r1.attempt0.log
ok,100,current,2,0,85.534,/home/wangshaoyan/proJect/C-GpuStreamGraph-CG/logs/performance_matrix_20260912/runs/performance.ok.100k.current.c2.h0.w20.r2.attempt0.log
ok,100,current,2,1,87.336,/home/wangshaoyan/proJect/C-GpuStreamGraph-CG/logs/performance_matrix_20260912/runs/performance.ok.100k.current.c2.h0.w20.r2.attempt0.log
ok,100,current,2,2,101.381,/home/wangshaoyan/proJect/C-GpuStreamGraph-CG/logs/performance_matrix_20260912/runs/performance.ok.100k.current.c2.h0.w20.r2.attempt0.log
ok,100,current,2,3,118.05,/home/wangshaoyan/proJect/C-GpuStreamGraph-CG/logs/performance_matrix_20260912/runs/performance.ok.100k.current.c2.h0.w20.r2.attempt0.log
ok,100,current,2,4,148.834,/home/wangshaoyan/proJect/C-GpuStreamGraph-CG/logs/performance_matrix_20260912/runs/performance.ok.100k.current.c2.h0.w20.r2.attempt0.log
ok,100,current,2,5,156.274,/home/wangshaoyan/proJect/C-GpuStreamGraph-CG/logs/performance_matrix_20260912/runs/performance.ok.100k.current.c2.h0.w20.r2.attempt0.log
ok,100,current,2,6,121.035,/home/wangshaoyan/proJect/C-GpuStreamGraph-CG/logs/performance_matrix_20260912/runs/performance.ok.100k.current.c2.h0.w20.r2.attempt0.log
ok,100,current,2,7,189.42,/home/wangshaoyan/proJect/C-GpuStreamGraph-CG/logs/performance_matrix_20260912/runs/performance.ok.100k.current.c2.h0.w20.r2.attempt0.log
ok,100,current,2,8,166.244,/home/wangshaoyan/proJect/C-GpuStreamGraph-CG/logs/performance_matrix_20260912/runs/performance.ok.100k.current.c2.h0.w20.r2.attempt0.log
ok,100,current,2,9,166.043,/home/wangshaoyan/proJect/C-GpuStreamGraph-CG/logs/performance_matrix_20260912/runs/performance.ok.100k.current.c2.h0.w20.r2.attempt0.log
ok,100,original,0,0,274.912,/home/wangshaoyan/proJect/C-GpuStreamGraph-CG/logs/performance_matrix_20260912/runs/performance.ok.100k.original.c2.h1.w20.r0.attempt0.log
ok,100,original,0,1,266.551,/home/wangshaoyan/proJect/C-GpuStreamGraph-CG/logs/performance_matrix_20260912/runs/performance.ok.100k.original.c2.h1.w20.r0.attempt0.log
ok,100,original,0,2,271.131,/home/wangshaoyan/proJect/C-GpuStreamGraph-CG/logs/performance_matrix_20260912/runs/performance.ok.100k.original.c2.h1.w20.r0.attempt0.log
ok,100,original,0,3,221.097,/home/wangshaoyan/proJect/C-GpuStreamGraph-CG/logs/performance_matrix_20260912/runs/performance.ok.100k.original.c2.h1.w20.r0.attempt0.log
ok,100,original,0,4,295.11,/home/wangshaoyan/proJect/C-GpuStreamGraph-CG/logs/performance_matrix_20260912/runs/performance.ok.100k.original.c2.h1.w20.r0.attempt0.log
ok,100,original,0,5,256.654,/home/wangshaoyan/proJect/C-GpuStreamGraph-CG/logs/performance_matrix_20260912/runs/performance.ok.100k.original.c2.h1.w20.r0.attempt0.log
ok,100,original,0,6,262.799,/home/wangshaoyan/proJect/C-GpuStreamGraph-CG/logs/performance_matrix_20260912/runs/performance.ok.100k.original.c2.h1.w20.r0.attempt0.log
ok,100,original,0,7,243.795,/home/wangshaoyan/proJect/C-GpuStreamGraph-CG/logs/performance_matrix_20260912/runs/performance.ok.100k.original.c2.h1.w20.r0.attempt0.log
ok,100,original,0,8,258.058,/home/wangshaoyan/proJect/C-GpuStreamGraph-CG/logs/performance_matrix_20260912/runs/performance.ok.100k.original.c2.h1.w20.r0.attempt0.log
ok,100,original,0,9,243.04,/home/wangshaoyan/proJect/C-GpuStreamGraph-CG/logs/performance_matrix_20260912/runs/performance.ok.100k.original.c2.h1.w20.r0.attempt0.log
ok,100,original,1,0,284.556,/home/wangshaoyan/proJect/C-GpuStreamGraph-CG/logs/performance_matrix_20260912/runs/performance.ok.100k.original.c2.h1.w20.r1.attempt0.log
ok,100,original,1,1,272.054,/home/wangshaoyan/proJect/C-GpuStreamGraph-CG/logs/performance_matrix_20260912/runs/performance.ok.100k.original.c2.h1.w20.r1.attempt0.log
ok,100,original,1,2,275.071,/home/wangshaoyan/proJect/C-GpuStreamGraph-CG/logs/performance_matrix_20260912/runs/performance.ok.100k.original.c2.h1.w20.r1.attempt0.log
ok,100,original,1,3,217.907,/home/wangshaoyan/proJect/C-GpuStreamGraph-CG/logs/performance_matrix_20260912/runs/performance.ok.100k.original.c2.h1.w20.r1.attempt0.log
ok,100,original,1,4,292.619,/home/wangshaoyan/proJect/C-GpuStreamGraph-CG/logs/performance_matrix_20260912/runs/performance.ok.100k.original.c2.h1.w20.r1.attempt0.log
ok,100,original,1,5,257.444,/home/wangshaoyan/proJect/C-GpuStreamGraph-CG/logs/performance_matrix_20260912/runs/performance.ok.100k.original.c2.h1.w20.r1.attempt0.log
ok,100,original,1,6,262.382,/home/wangshaoyan/proJect/C-GpuStreamGraph-CG/logs/performance_matrix_20260912/runs/performance.ok.100k.original.c2.h1.w20.r1.attempt0.log
ok,100,original,1,7,242.385,/home/wangshaoyan/proJect/C-GpuStreamGraph-CG/logs/performance_matrix_20260912/runs/performance.ok.100k.original.c2.h1.w20.r1.attempt0.log
ok,100,original,1,8,253.619,/home/wangshaoyan/proJect/C-GpuStreamGraph-CG/logs/performance_matrix_20260912/runs/performance.ok.100k.original.c2.h1.w20.r1.attempt0.log
ok,100,original,1,9,250.048,/home/wangshaoyan/proJect/C-GpuStreamGraph-CG/logs/performance_matrix_20260912/runs/performance.ok.100k.original.c2.h1.w20.r1.attempt0.log
ok,100,original,2,0,272.229,/home/wangshaoyan/proJect/C-GpuStreamGraph-CG/logs/performance_matrix_20260912/runs/performance.ok.100k.original.c2.h1.w20.r2.attempt0.log
ok,100,original,2,1,265.222,/home/wangshaoyan/proJect/C-GpuStreamGraph-CG/logs/performance_matrix_20260912/runs/performance.ok.100k.original.c2.h1.w20.r2.attempt0.log
ok,100,original,2,2,265.484,/home/wangshaoyan/proJect/C-GpuStreamGraph-CG/logs/performance_matrix_20260912/runs/performance.ok.100k.original.c2.h1.w20.r2.attempt0.log
ok,100,original,2,3,214.678,/home/wangshaoyan/proJect/C-GpuStreamGraph-CG/logs/performance_matrix_20260912/runs/performance.ok.100k.original.c2.h1.w20.r2.attempt0.log
ok,100,original,2,4,295.834,/home/wangshaoyan/proJect/C-GpuStreamGraph-CG/logs/performance_matrix_20260912/runs/performance.ok.100k.original.c2.h1.w20.r2.attempt0.log
ok,100,original,2,5,259.443,/home/wangshaoyan/proJect/C-GpuStreamGraph-CG/logs/performance_matrix_20260912/runs/performance.ok.100k.original.c2.h1.w20.r2.attempt0.log
ok,100,original,2,6,252.615,/home/wangshaoyan/proJect/C-GpuStreamGraph-CG/logs/performance_matrix_20260912/runs/performance.ok.100k.original.c2.h1.w20.r2.attempt0.log
ok,100,original,2,7,239.651,/home/wangshaoyan/proJect/C-GpuStreamGraph-CG/logs/performance_matrix_20260912/runs/performance.ok.100k.original.c2.h1.w20.r2.attempt0.log
ok,100,original,2,8,256.708,/home/wangshaoyan/proJect/C-GpuStreamGraph-CG/logs/performance_matrix_20260912/runs/performance.ok.100k.original.c2.h1.w20.r2.attempt0.log
ok,100,original,2,9,239.405,/home/wangshaoyan/proJect/C-GpuStreamGraph-CG/logs/performance_matrix_20260912/runs/performance.ok.100k.original.c2.h1.w20.r2.attempt0.log
fs,1,current,0,0,144.209,/home/wangshaoyan/proJect/C-GpuStreamGraph-CG/logs/performance_matrix_20260912/runs/performance.fs.1k.current.c2.h0.w20.r0.attempt0.log
fs,1,current,0,1,136.982,/home/wangshaoyan/proJect/C-GpuStreamGraph-CG/logs/performance_matrix_20260912/runs/performance.fs.1k.current.c2.h0.w20.r0.attempt0.log
fs,1,current,0,2,134.389,/home/wangshaoyan/proJect/C-GpuStreamGraph-CG/logs/performance_matrix_20260912/runs/performance.fs.1k.current.c2.h0.w20.r0.attempt0.log
fs,1,current,0,3,216.04,/home/wangshaoyan/proJect/C-GpuStreamGraph-CG/logs/performance_matrix_20260912/runs/performance.fs.1k.current.c2.h0.w20.r0.attempt0.log
fs,1,current,0,4,114.893,/home/wangshaoyan/proJect/C-GpuStreamGraph-CG/logs/performance_matrix_20260912/runs/performance.fs.1k.current.c2.h0.w20.r0.attempt0.log
fs,1,current,0,5,123.632,/home/wangshaoyan/proJect/C-GpuStreamGraph-CG/logs/performance_matrix_20260912/runs/performance.fs.1k.current.c2.h0.w20.r0.attempt0.log
fs,1,current,0,6,116.549,/home/wangshaoyan/proJect/C-GpuStreamGraph-CG/logs/performance_matrix_20260912/runs/performance.fs.1k.current.c2.h0.w20.r0.attempt0.log
fs,1,current,0,7,115.673,/home/wangshaoyan/proJect/C-GpuStreamGraph-CG/logs/performance_matrix_20260912/runs/performance.fs.1k.current.c2.h0.w20.r0.attempt0.log
fs,1,current,0,8,118.211,/home/wangshaoyan/proJect/C-GpuStreamGraph-CG/logs/performance_matrix_20260912/runs/performance.fs.1k.current.c2.h0.w20.r0.attempt0.log
fs,1,current,0,9,116.812,/home/wangshaoyan/proJect/C-GpuStreamGraph-CG/logs/performance_matrix_20260912/runs/performance.fs.1k.current.c2.h0.w20.r0.attempt0.log
fs,1,current,1,0,139.37,/home/wangshaoyan/proJect/C-GpuStreamGraph-CG/logs/performance_matrix_20260912/runs/performance.fs.1k.current.c2.h0.w20.r1.attempt0.log
fs,1,current,1,1,135.527,/home/wangshaoyan/proJect/C-GpuStreamGraph-CG/logs/performance_matrix_20260912/runs/performance.fs.1k.current.c2.h0.w20.r1.attempt0.log
fs,1,current,1,2,137.355,/home/wangshaoyan/proJect/C-GpuStreamGraph-CG/logs/performance_matrix_20260912/runs/performance.fs.1k.current.c2.h0.w20.r1.attempt0.log
fs,1,current,1,3,244.333,/home/wangshaoyan/proJect/C-GpuStreamGraph-CG/logs/performance_matrix_20260912/runs/performance.fs.1k.current.c2.h0.w20.r1.attempt0.log
fs,1,current,1,4,117.608,/home/wangshaoyan/proJect/C-GpuStreamGraph-CG/logs/performance_matrix_20260912/runs/performance.fs.1k.current.c2.h0.w20.r1.attempt0.log
fs,1,current,1,5,123.572,/home/wangshaoyan/proJect/C-GpuStreamGraph-CG/logs/performance_matrix_20260912/runs/performance.fs.1k.current.c2.h0.w20.r1.attempt0.log
fs,1,current,1,6,115.521,/home/wangshaoyan/proJect/C-GpuStreamGraph-CG/logs/performance_matrix_20260912/runs/performance.fs.1k.current.c2.h0.w20.r1.attempt0.log
fs,1,current,1,7,117.391,/home/wangshaoyan/proJect/C-GpuStreamGraph-CG/logs/performance_matrix_20260912/runs/performance.fs.1k.current.c2.h0.w20.r1.attempt0.log
fs,1,current,1,8,120.675,/home/wangshaoyan/proJect/C-GpuStreamGraph-CG/logs/performance_matrix_20260912/runs/performance.fs.1k.current.c2.h0.w20.r1.attempt0.log
fs,1,current,1,9,121.355,/home/wangshaoyan/proJect/C-GpuStreamGraph-CG/logs/performance_matrix_20260912/runs/performance.fs.1k.current.c2.h0.w20.r1.attempt0.log
fs,1,current,2,0,142.205,/home/wangshaoyan/proJect/C-GpuStreamGraph-CG/logs/performance_matrix_20260912/runs/performance.fs.1k.current.c2.h0.w20.r2.attempt0.log
fs,1,current,2,1,137.018,/home/wangshaoyan/proJect/C-GpuStreamGraph-CG/logs/performance_matrix_20260912/runs/performance.fs.1k.current.c2.h0.w20.r2.attempt0.log
fs,1,current,2,2,136.224,/home/wangshaoyan/proJect/C-GpuStreamGraph-CG/logs/performance_matrix_20260912/runs/performance.fs.1k.current.c2.h0.w20.r2.attempt0.log
fs,1,current,2,3,229.621,/home/wangshaoyan/proJect/C-GpuStreamGraph-CG/logs/performance_matrix_20260912/runs/performance.fs.1k.current.c2.h0.w20.r2.attempt0.log
fs,1,current,2,4,115.77,/home/wangshaoyan/proJect/C-GpuStreamGraph-CG/logs/performance_matrix_20260912/runs/performance.fs.1k.current.c2.h0.w20.r2.attempt0.log
fs,1,current,2,5,116.641,/home/wangshaoyan/proJect/C-GpuStreamGraph-CG/logs/performance_matrix_20260912/runs/performance.fs.1k.current.c2.h0.w20.r2.attempt0.log
fs,1,current,2,6,116.895,/home/wangshaoyan/proJect/C-GpuStreamGraph-CG/logs/performance_matrix_20260912/runs/performance.fs.1k.current.c2.h0.w20.r2.attempt0.log
fs,1,current,2,7,115.692,/home/wangshaoyan/proJect/C-GpuStreamGraph-CG/logs/performance_matrix_20260912/runs/performance.fs.1k.current.c2.h0.w20.r2.attempt0.log
fs,1,current,2,8,123.474,/home/wangshaoyan/proJect/C-GpuStreamGraph-CG/logs/performance_matrix_20260912/runs/performance.fs.1k.current.c2.h0.w20.r2.attempt0.log
fs,1,current,2,9,116.812,/home/wangshaoyan/proJect/C-GpuStreamGraph-CG/logs/performance_matrix_20260912/runs/performance.fs.1k.current.c2.h0.w20.r2.attempt0.log
fs,1,original,0,0,1095.093,/home/wangshaoyan/proJect/C-GpuStreamGraph-CG/logs/performance_matrix_20260912/runs/performance.fs.1k.original.c2.h2.w20.r0.attempt0.log
fs,1,original,0,1,914.076,/home/wangshaoyan/proJect/C-GpuStreamGraph-CG/logs/performance_matrix_20260912/runs/performance.fs.1k.original.c2.h2.w20.r0.attempt0.log
fs,1,original,0,2,836.896,/home/wangshaoyan/proJect/C-GpuStreamGraph-CG/logs/performance_matrix_20260912/runs/performance.fs.1k.original.c2.h2.w20.r0.attempt0.log
fs,1,original,0,3,833.13,/home/wangshaoyan/proJect/C-GpuStreamGraph-CG/logs/performance_matrix_20260912/runs/performance.fs.1k.original.c2.h2.w20.r0.attempt0.log
fs,1,original,0,4,830.916,/home/wangshaoyan/proJect/C-GpuStreamGraph-CG/logs/performance_matrix_20260912/runs/performance.fs.1k.original.c2.h2.w20.r0.attempt0.log
fs,1,original,0,5,845.118,/home/wangshaoyan/proJect/C-GpuStreamGraph-CG/logs/performance_matrix_20260912/runs/performance.fs.1k.original.c2.h2.w20.r0.attempt0.log
fs,1,original,0,6,840.374,/home/wangshaoyan/proJect/C-GpuStreamGraph-CG/logs/performance_matrix_20260912/runs/performance.fs.1k.original.c2.h2.w20.r0.attempt0.log
fs,1,original,0,7,836.846,/home/wangshaoyan/proJect/C-GpuStreamGraph-CG/logs/performance_matrix_20260912/runs/performance.fs.1k.original.c2.h2.w20.r0.attempt0.log
fs,1,original,0,8,839.267,/home/wangshaoyan/proJect/C-GpuStreamGraph-CG/logs/performance_matrix_20260912/runs/performance.fs.1k.original.c2.h2.w20.r0.attempt0.log
fs,1,original,0,9,832.888,/home/wangshaoyan/proJect/C-GpuStreamGraph-CG/logs/performance_matrix_20260912/runs/performance.fs.1k.original.c2.h2.w20.r0.attempt0.log
fs,1,original,1,0,892.966,/home/wangshaoyan/proJect/C-GpuStreamGraph-CG/logs/performance_matrix_20260912/runs/performance.fs.1k.original.c2.h2.w20.r1.attempt0.log
fs,1,original,1,1,909.725,/home/wangshaoyan/proJect/C-GpuStreamGraph-CG/logs/performance_matrix_20260912/runs/performance.fs.1k.original.c2.h2.w20.r1.attempt0.log
fs,1,original,1,2,825.002,/home/wangshaoyan/proJect/C-GpuStreamGraph-CG/logs/performance_matrix_20260912/runs/performance.fs.1k.original.c2.h2.w20.r1.attempt0.log
fs,1,original,1,3,823.187,/home/wangshaoyan/proJect/C-GpuStreamGraph-CG/logs/performance_matrix_20260912/runs/performance.fs.1k.original.c2.h2.w20.r1.attempt0.log
fs,1,original,1,4,830.397,/home/wangshaoyan/proJect/C-GpuStreamGraph-CG/logs/performance_matrix_20260912/runs/performance.fs.1k.original.c2.h2.w20.r1.attempt0.log
fs,1,original,1,5,822.267,/home/wangshaoyan/proJect/C-GpuStreamGraph-CG/logs/performance_matrix_20260912/runs/performance.fs.1k.original.c2.h2.w20.r1.attempt0.log
fs,1,original,1,6,827.609,/home/wangshaoyan/proJect/C-GpuStreamGraph-CG/logs/performance_matrix_20260912/runs/performance.fs.1k.original.c2.h2.w20.r1.attempt0.log
fs,1,original,1,7,824.392,/home/wangshaoyan/proJect/C-GpuStreamGraph-CG/logs/performance_matrix_20260912/runs/performance.fs.1k.original.c2.h2.w20.r1.attempt0.log
fs,1,original,1,8,825.556,/home/wangshaoyan/proJect/C-GpuStreamGraph-CG/logs/performance_matrix_20260912/runs/performance.fs.1k.original.c2.h2.w20.r1.attempt0.log
fs,1,original,1,9,829.672,/home/wangshaoyan/proJect/C-GpuStreamGraph-CG/logs/performance_matrix_20260912/runs/performance.fs.1k.original.c2.h2.w20.r1.attempt0.log
fs,1,original,2,0,916.779,/home/wangshaoyan/proJect/C-GpuStreamGraph-CG/logs/performance_matrix_20260912/runs/performance.fs.1k.original.c2.h2.w20.r2.attempt0.log
fs,1,original,2,1,938.001,/home/wangshaoyan/proJect/C-GpuStreamGraph-CG/logs/performance_matrix_20260912/runs/performance.fs.1k.original.c2.h2.w20.r2.attempt0.log
fs,1,original,2,2,863.84,/home/wangshaoyan/proJect/C-GpuStreamGraph-CG/logs/performance_matrix_20260912/runs/performance.fs.1k.original.c2.h2.w20.r2.attempt0.log
fs,1,original,2,3,849.734,/home/wangshaoyan/proJect/C-GpuStreamGraph-CG/logs/performance_matrix_20260912/runs/performance.fs.1k.original.c2.h2.w20.r2.attempt0.log
fs,1,original,2,4,848.443,/home/wangshaoyan/proJect/C-GpuStreamGraph-CG/logs/performance_matrix_20260912/runs/performance.fs.1k.original.c2.h2.w20.r2.attempt0.log
fs,1,original,2,5,849.499,/home/wangshaoyan/proJect/C-GpuStreamGraph-CG/logs/performance_matrix_20260912/runs/performance.fs.1k.original.c2.h2.w20.r2.attempt0.log
fs,1,original,2,6,853.436,/home/wangshaoyan/proJect/C-GpuStreamGraph-CG/logs/performance_matrix_20260912/runs/performance.fs.1k.original.c2.h2.w20.r2.attempt0.log
fs,1,original,2,7,851.853,/home/wangshaoyan/proJect/C-GpuStreamGraph-CG/logs/performance_matrix_20260912/runs/performance.fs.1k.original.c2.h2.w20.r2.attempt0.log
fs,1,original,2,8,849.422,/home/wangshaoyan/proJect/C-GpuStreamGraph-CG/logs/performance_matrix_20260912/runs/performance.fs.1k.original.c2.h2.w20.r2.attempt0.log
fs,1,original,2,9,849.246,/home/wangshaoyan/proJect/C-GpuStreamGraph-CG/logs/performance_matrix_20260912/runs/performance.fs.1k.original.c2.h2.w20.r2.attempt0.log
fs,10,current,0,0,157.078,/home/wangshaoyan/proJect/C-GpuStreamGraph-CG/logs/performance_matrix_20260912/runs/performance.fs.10k.current.c2.h0.w20.r0.attempt0.log
fs,10,current,0,1,148.123,/home/wangshaoyan/proJect/C-GpuStreamGraph-CG/logs/performance_matrix_20260912/runs/performance.fs.10k.current.c2.h0.w20.r0.attempt0.log
fs,10,current,0,2,161.64,/home/wangshaoyan/proJect/C-GpuStreamGraph-CG/logs/performance_matrix_20260912/runs/performance.fs.10k.current.c2.h0.w20.r0.attempt0.log
fs,10,current,0,3,246.07,/home/wangshaoyan/proJect/C-GpuStreamGraph-CG/logs/performance_matrix_20260912/runs/performance.fs.10k.current.c2.h0.w20.r0.attempt0.log
fs,10,current,0,4,137.867,/home/wangshaoyan/proJect/C-GpuStreamGraph-CG/logs/performance_matrix_20260912/runs/performance.fs.10k.current.c2.h0.w20.r0.attempt0.log
fs,10,current,0,5,135.735,/home/wangshaoyan/proJect/C-GpuStreamGraph-CG/logs/performance_matrix_20260912/runs/performance.fs.10k.current.c2.h0.w20.r0.attempt0.log
fs,10,current,0,6,135.282,/home/wangshaoyan/proJect/C-GpuStreamGraph-CG/logs/performance_matrix_20260912/runs/performance.fs.10k.current.c2.h0.w20.r0.attempt0.log
fs,10,current,0,7,138.849,/home/wangshaoyan/proJect/C-GpuStreamGraph-CG/logs/performance_matrix_20260912/runs/performance.fs.10k.current.c2.h0.w20.r0.attempt0.log
fs,10,current,0,8,133.994,/home/wangshaoyan/proJect/C-GpuStreamGraph-CG/logs/performance_matrix_20260912/runs/performance.fs.10k.current.c2.h0.w20.r0.attempt0.log
fs,10,current,0,9,151.279,/home/wangshaoyan/proJect/C-GpuStreamGraph-CG/logs/performance_matrix_20260912/runs/performance.fs.10k.current.c2.h0.w20.r0.attempt0.log
fs,10,current,1,0,150.968,/home/wangshaoyan/proJect/C-GpuStreamGraph-CG/logs/performance_matrix_20260912/runs/performance.fs.10k.current.c2.h0.w20.r1.attempt0.log
fs,10,current,1,1,147.449,/home/wangshaoyan/proJect/C-GpuStreamGraph-CG/logs/performance_matrix_20260912/runs/performance.fs.10k.current.c2.h0.w20.r1.attempt0.log
fs,10,current,1,2,149.383,/home/wangshaoyan/proJect/C-GpuStreamGraph-CG/logs/performance_matrix_20260912/runs/performance.fs.10k.current.c2.h0.w20.r1.attempt0.log
fs,10,current,1,3,243.498,/home/wangshaoyan/proJect/C-GpuStreamGraph-CG/logs/performance_matrix_20260912/runs/performance.fs.10k.current.c2.h0.w20.r1.attempt0.log
fs,10,current,1,4,134.248,/home/wangshaoyan/proJect/C-GpuStreamGraph-CG/logs/performance_matrix_20260912/runs/performance.fs.10k.current.c2.h0.w20.r1.attempt0.log
fs,10,current,1,5,134.034,/home/wangshaoyan/proJect/C-GpuStreamGraph-CG/logs/performance_matrix_20260912/runs/performance.fs.10k.current.c2.h0.w20.r1.attempt0.log
fs,10,current,1,6,141.156,/home/wangshaoyan/proJect/C-GpuStreamGraph-CG/logs/performance_matrix_20260912/runs/performance.fs.10k.current.c2.h0.w20.r1.attempt0.log
fs,10,current,1,7,135.622,/home/wangshaoyan/proJect/C-GpuStreamGraph-CG/logs/performance_matrix_20260912/runs/performance.fs.10k.current.c2.h0.w20.r1.attempt0.log
fs,10,current,1,8,134.453,/home/wangshaoyan/proJect/C-GpuStreamGraph-CG/logs/performance_matrix_20260912/runs/performance.fs.10k.current.c2.h0.w20.r1.attempt0.log
fs,10,current,1,9,140.723,/home/wangshaoyan/proJect/C-GpuStreamGraph-CG/logs/performance_matrix_20260912/runs/performance.fs.10k.current.c2.h0.w20.r1.attempt0.log
fs,10,current,2,0,158.14,/home/wangshaoyan/proJect/C-GpuStreamGraph-CG/logs/performance_matrix_20260912/runs/performance.fs.10k.current.c2.h0.w20.r2.attempt0.log
fs,10,current,2,1,150.132,/home/wangshaoyan/proJect/C-GpuStreamGraph-CG/logs/performance_matrix_20260912/runs/performance.fs.10k.current.c2.h0.w20.r2.attempt0.log
fs,10,current,2,2,154.896,/home/wangshaoyan/proJect/C-GpuStreamGraph-CG/logs/performance_matrix_20260912/runs/performance.fs.10k.current.c2.h0.w20.r2.attempt0.log
fs,10,current,2,3,241.927,/home/wangshaoyan/proJect/C-GpuStreamGraph-CG/logs/performance_matrix_20260912/runs/performance.fs.10k.current.c2.h0.w20.r2.attempt0.log
fs,10,current,2,4,148.06,/home/wangshaoyan/proJect/C-GpuStreamGraph-CG/logs/performance_matrix_20260912/runs/performance.fs.10k.current.c2.h0.w20.r2.attempt0.log
fs,10,current,2,5,140.754,/home/wangshaoyan/proJect/C-GpuStreamGraph-CG/logs/performance_matrix_20260912/runs/performance.fs.10k.current.c2.h0.w20.r2.attempt0.log
fs,10,current,2,6,140.421,/home/wangshaoyan/proJect/C-GpuStreamGraph-CG/logs/performance_matrix_20260912/runs/performance.fs.10k.current.c2.h0.w20.r2.attempt0.log
fs,10,current,2,7,141.117,/home/wangshaoyan/proJect/C-GpuStreamGraph-CG/logs/performance_matrix_20260912/runs/performance.fs.10k.current.c2.h0.w20.r2.attempt0.log
fs,10,current,2,8,149.273,/home/wangshaoyan/proJect/C-GpuStreamGraph-CG/logs/performance_matrix_20260912/runs/performance.fs.10k.current.c2.h0.w20.r2.attempt0.log
fs,10,current,2,9,144.351,/home/wangshaoyan/proJect/C-GpuStreamGraph-CG/logs/performance_matrix_20260912/runs/performance.fs.10k.current.c2.h0.w20.r2.attempt0.log
fs,10,original,0,0,894.421,/home/wangshaoyan/proJect/C-GpuStreamGraph-CG/logs/performance_matrix_20260912/runs/performance.fs.10k.original.c2.h2.w20.r0.attempt0.log
fs,10,original,0,1,906.922,/home/wangshaoyan/proJect/C-GpuStreamGraph-CG/logs/performance_matrix_20260912/runs/performance.fs.10k.original.c2.h2.w20.r0.attempt0.log
fs,10,original,0,2,934.137,/home/wangshaoyan/proJect/C-GpuStreamGraph-CG/logs/performance_matrix_20260912/runs/performance.fs.10k.original.c2.h2.w20.r0.attempt0.log
fs,10,original,0,3,899.607,/home/wangshaoyan/proJect/C-GpuStreamGraph-CG/logs/performance_matrix_20260912/runs/performance.fs.10k.original.c2.h2.w20.r0.attempt0.log
fs,10,original,0,4,917.701,/home/wangshaoyan/proJect/C-GpuStreamGraph-CG/logs/performance_matrix_20260912/runs/performance.fs.10k.original.c2.h2.w20.r0.attempt0.log
fs,10,original,0,5,909.134,/home/wangshaoyan/proJect/C-GpuStreamGraph-CG/logs/performance_matrix_20260912/runs/performance.fs.10k.original.c2.h2.w20.r0.attempt0.log
fs,10,original,0,6,871.137,/home/wangshaoyan/proJect/C-GpuStreamGraph-CG/logs/performance_matrix_20260912/runs/performance.fs.10k.original.c2.h2.w20.r0.attempt0.log
fs,10,original,0,7,896.808,/home/wangshaoyan/proJect/C-GpuStreamGraph-CG/logs/performance_matrix_20260912/runs/performance.fs.10k.original.c2.h2.w20.r0.attempt0.log
fs,10,original,0,8,924.372,/home/wangshaoyan/proJect/C-GpuStreamGraph-CG/logs/performance_matrix_20260912/runs/performance.fs.10k.original.c2.h2.w20.r0.attempt0.log
fs,10,original,0,9,871.406,/home/wangshaoyan/proJect/C-GpuStreamGraph-CG/logs/performance_matrix_20260912/runs/performance.fs.10k.original.c2.h2.w20.r0.attempt0.log
fs,10,original,1,0,1120.15,/home/wangshaoyan/proJect/C-GpuStreamGraph-CG/logs/performance_matrix_20260912/runs/performance.fs.10k.original.c2.h2.w20.r1.attempt0.log
fs,10,original,1,1,813.854,/home/wangshaoyan/proJect/C-GpuStreamGraph-CG/logs/performance_matrix_20260912/runs/performance.fs.10k.original.c2.h2.w20.r1.attempt0.log
fs,10,original,1,2,847.09,/home/wangshaoyan/proJect/C-GpuStreamGraph-CG/logs/performance_matrix_20260912/runs/performance.fs.10k.original.c2.h2.w20.r1.attempt0.log
fs,10,original,1,3,805.351,/home/wangshaoyan/proJect/C-GpuStreamGraph-CG/logs/performance_matrix_20260912/runs/performance.fs.10k.original.c2.h2.w20.r1.attempt0.log
fs,10,original,1,4,800.423,/home/wangshaoyan/proJect/C-GpuStreamGraph-CG/logs/performance_matrix_20260912/runs/performance.fs.10k.original.c2.h2.w20.r1.attempt0.log
fs,10,original,1,5,818.879,/home/wangshaoyan/proJect/C-GpuStreamGraph-CG/logs/performance_matrix_20260912/runs/performance.fs.10k.original.c2.h2.w20.r1.attempt0.log
fs,10,original,1,6,785.076,/home/wangshaoyan/proJect/C-GpuStreamGraph-CG/logs/performance_matrix_20260912/runs/performance.fs.10k.original.c2.h2.w20.r1.attempt0.log
fs,10,original,1,7,807.202,/home/wangshaoyan/proJect/C-GpuStreamGraph-CG/logs/performance_matrix_20260912/runs/performance.fs.10k.original.c2.h2.w20.r1.attempt0.log
fs,10,original,1,8,839.055,/home/wangshaoyan/proJect/C-GpuStreamGraph-CG/logs/performance_matrix_20260912/runs/performance.fs.10k.original.c2.h2.w20.r1.attempt0.log
fs,10,original,1,9,778.964,/home/wangshaoyan/proJect/C-GpuStreamGraph-CG/logs/performance_matrix_20260912/runs/performance.fs.10k.original.c2.h2.w20.r1.attempt0.log
fs,10,original,2,0,889.91,/home/wangshaoyan/proJect/C-GpuStreamGraph-CG/logs/performance_matrix_20260912/runs/performance.fs.10k.original.c2.h2.w20.r2.attempt0.log
fs,10,original,2,1,916.769,/home/wangshaoyan/proJect/C-GpuStreamGraph-CG/logs/performance_matrix_20260912/runs/performance.fs.10k.original.c2.h2.w20.r2.attempt0.log
fs,10,original,2,2,942.343,/home/wangshaoyan/proJect/C-GpuStreamGraph-CG/logs/performance_matrix_20260912/runs/performance.fs.10k.original.c2.h2.w20.r2.attempt0.log
fs,10,original,2,3,899.158,/home/wangshaoyan/proJect/C-GpuStreamGraph-CG/logs/performance_matrix_20260912/runs/performance.fs.10k.original.c2.h2.w20.r2.attempt0.log
fs,10,original,2,4,899.565,/home/wangshaoyan/proJect/C-GpuStreamGraph-CG/logs/performance_matrix_20260912/runs/performance.fs.10k.original.c2.h2.w20.r2.attempt0.log
fs,10,original,2,5,897.94,/home/wangshaoyan/proJect/C-GpuStreamGraph-CG/logs/performance_matrix_20260912/runs/performance.fs.10k.original.c2.h2.w20.r2.attempt0.log
fs,10,original,2,6,877.002,/home/wangshaoyan/proJect/C-GpuStreamGraph-CG/logs/performance_matrix_20260912/runs/performance.fs.10k.original.c2.h2.w20.r2.attempt0.log
fs,10,original,2,7,898.048,/home/wangshaoyan/proJect/C-GpuStreamGraph-CG/logs/performance_matrix_20260912/runs/performance.fs.10k.original.c2.h2.w20.r2.attempt0.log
fs,10,original,2,8,927.401,/home/wangshaoyan/proJect/C-GpuStreamGraph-CG/logs/performance_matrix_20260912/runs/performance.fs.10k.original.c2.h2.w20.r2.attempt0.log
fs,10,original,2,9,882.533,/home/wangshaoyan/proJect/C-GpuStreamGraph-CG/logs/performance_matrix_20260912/runs/performance.fs.10k.original.c2.h2.w20.r2.attempt0.log
fs,100,current,0,0,338.076,/home/wangshaoyan/proJect/C-GpuStreamGraph-CG/logs/performance_matrix_20260912/runs/performance.fs.100k.current.c2.h0.w20.r0.attempt0.log
fs,100,current,0,1,336.153,/home/wangshaoyan/proJect/C-GpuStreamGraph-CG/logs/performance_matrix_20260912/runs/performance.fs.100k.current.c2.h0.w20.r0.attempt0.log
fs,100,current,0,2,333.075,/home/wangshaoyan/proJect/C-GpuStreamGraph-CG/logs/performance_matrix_20260912/runs/performance.fs.100k.current.c2.h0.w20.r0.attempt0.log
fs,100,current,0,3,408.545,/home/wangshaoyan/proJect/C-GpuStreamGraph-CG/logs/performance_matrix_20260912/runs/performance.fs.100k.current.c2.h0.w20.r0.attempt0.log
fs,100,current,0,4,379.716,/home/wangshaoyan/proJect/C-GpuStreamGraph-CG/logs/performance_matrix_20260912/runs/performance.fs.100k.current.c2.h0.w20.r0.attempt0.log
fs,100,current,0,5,436.499,/home/wangshaoyan/proJect/C-GpuStreamGraph-CG/logs/performance_matrix_20260912/runs/performance.fs.100k.current.c2.h0.w20.r0.attempt0.log
fs,100,current,0,6,422.363,/home/wangshaoyan/proJect/C-GpuStreamGraph-CG/logs/performance_matrix_20260912/runs/performance.fs.100k.current.c2.h0.w20.r0.attempt0.log
fs,100,current,0,7,364.123,/home/wangshaoyan/proJect/C-GpuStreamGraph-CG/logs/performance_matrix_20260912/runs/performance.fs.100k.current.c2.h0.w20.r0.attempt0.log
fs,100,current,0,8,466.31,/home/wangshaoyan/proJect/C-GpuStreamGraph-CG/logs/performance_matrix_20260912/runs/performance.fs.100k.current.c2.h0.w20.r0.attempt0.log
fs,100,current,0,9,386.352,/home/wangshaoyan/proJect/C-GpuStreamGraph-CG/logs/performance_matrix_20260912/runs/performance.fs.100k.current.c2.h0.w20.r0.attempt0.log
fs,100,current,1,0,301.122,/home/wangshaoyan/proJect/C-GpuStreamGraph-CG/logs/performance_matrix_20260912/runs/performance.fs.100k.current.c2.h0.w20.r1.attempt0.log
fs,100,current,1,1,294.441,/home/wangshaoyan/proJect/C-GpuStreamGraph-CG/logs/performance_matrix_20260912/runs/performance.fs.100k.current.c2.h0.w20.r1.attempt0.log
fs,100,current,1,2,319.036,/home/wangshaoyan/proJect/C-GpuStreamGraph-CG/logs/performance_matrix_20260912/runs/performance.fs.100k.current.c2.h0.w20.r1.attempt0.log
fs,100,current,1,3,374.378,/home/wangshaoyan/proJect/C-GpuStreamGraph-CG/logs/performance_matrix_20260912/runs/performance.fs.100k.current.c2.h0.w20.r1.attempt0.log
fs,100,current,1,4,343.329,/home/wangshaoyan/proJect/C-GpuStreamGraph-CG/logs/performance_matrix_20260912/runs/performance.fs.100k.current.c2.h0.w20.r1.attempt0.log
fs,100,current,1,5,405.135,/home/wangshaoyan/proJect/C-GpuStreamGraph-CG/logs/performance_matrix_20260912/runs/performance.fs.100k.current.c2.h0.w20.r1.attempt0.log
fs,100,current,1,6,396.81,/home/wangshaoyan/proJect/C-GpuStreamGraph-CG/logs/performance_matrix_20260912/runs/performance.fs.100k.current.c2.h0.w20.r1.attempt0.log
fs,100,current,1,7,345.275,/home/wangshaoyan/proJect/C-GpuStreamGraph-CG/logs/performance_matrix_20260912/runs/performance.fs.100k.current.c2.h0.w20.r1.attempt0.log
fs,100,current,1,8,438.59,/home/wangshaoyan/proJect/C-GpuStreamGraph-CG/logs/performance_matrix_20260912/runs/performance.fs.100k.current.c2.h0.w20.r1.attempt0.log
fs,100,current,1,9,358.112,/home/wangshaoyan/proJect/C-GpuStreamGraph-CG/logs/performance_matrix_20260912/runs/performance.fs.100k.current.c2.h0.w20.r1.attempt0.log
fs,100,current,2,0,317.846,/home/wangshaoyan/proJect/C-GpuStreamGraph-CG/logs/performance_matrix_20260912/runs/performance.fs.100k.current.c2.h0.w20.r2.attempt0.log
fs,100,current,2,1,326.11,/home/wangshaoyan/proJect/C-GpuStreamGraph-CG/logs/performance_matrix_20260912/runs/performance.fs.100k.current.c2.h0.w20.r2.attempt0.log
fs,100,current,2,2,333.074,/home/wangshaoyan/proJect/C-GpuStreamGraph-CG/logs/performance_matrix_20260912/runs/performance.fs.100k.current.c2.h0.w20.r2.attempt0.log
fs,100,current,2,3,388.718,/home/wangshaoyan/proJect/C-GpuStreamGraph-CG/logs/performance_matrix_20260912/runs/performance.fs.100k.current.c2.h0.w20.r2.attempt0.log
fs,100,current,2,4,364.886,/home/wangshaoyan/proJect/C-GpuStreamGraph-CG/logs/performance_matrix_20260912/runs/performance.fs.100k.current.c2.h0.w20.r2.attempt0.log
fs,100,current,2,5,417.673,/home/wangshaoyan/proJect/C-GpuStreamGraph-CG/logs/performance_matrix_20260912/runs/performance.fs.100k.current.c2.h0.w20.r2.attempt0.log
fs,100,current,2,6,412.566,/home/wangshaoyan/proJect/C-GpuStreamGraph-CG/logs/performance_matrix_20260912/runs/performance.fs.100k.current.c2.h0.w20.r2.attempt0.log
fs,100,current,2,7,367.117,/home/wangshaoyan/proJect/C-GpuStreamGraph-CG/logs/performance_matrix_20260912/runs/performance.fs.100k.current.c2.h0.w20.r2.attempt0.log
fs,100,current,2,8,493.24,/home/wangshaoyan/proJect/C-GpuStreamGraph-CG/logs/performance_matrix_20260912/runs/performance.fs.100k.current.c2.h0.w20.r2.attempt0.log
fs,100,current,2,9,384.721,/home/wangshaoyan/proJect/C-GpuStreamGraph-CG/logs/performance_matrix_20260912/runs/performance.fs.100k.current.c2.h0.w20.r2.attempt0.log
fs,100,original,0,0,1117.748,/home/wangshaoyan/proJect/C-GpuStreamGraph-CG/logs/performance_matrix_20260912/runs/performance.fs.100k.original.c2.h2.w20.r0.attempt0.log
fs,100,original,0,1,1117.807,/home/wangshaoyan/proJect/C-GpuStreamGraph-CG/logs/performance_matrix_20260912/runs/performance.fs.100k.original.c2.h2.w20.r0.attempt0.log
fs,100,original,0,2,1080.665,/home/wangshaoyan/proJect/C-GpuStreamGraph-CG/logs/performance_matrix_20260912/runs/performance.fs.100k.original.c2.h2.w20.r0.attempt0.log
fs,100,original,0,3,1065.627,/home/wangshaoyan/proJect/C-GpuStreamGraph-CG/logs/performance_matrix_20260912/runs/performance.fs.100k.original.c2.h2.w20.r0.attempt0.log
fs,100,original,0,4,1093.042,/home/wangshaoyan/proJect/C-GpuStreamGraph-CG/logs/performance_matrix_20260912/runs/performance.fs.100k.original.c2.h2.w20.r0.attempt0.log
fs,100,original,0,5,1119.783,/home/wangshaoyan/proJect/C-GpuStreamGraph-CG/logs/performance_matrix_20260912/runs/performance.fs.100k.original.c2.h2.w20.r0.attempt0.log
fs,100,original,0,6,1077.696,/home/wangshaoyan/proJect/C-GpuStreamGraph-CG/logs/performance_matrix_20260912/runs/performance.fs.100k.original.c2.h2.w20.r0.attempt0.log
fs,100,original,0,7,1081.609,/home/wangshaoyan/proJect/C-GpuStreamGraph-CG/logs/performance_matrix_20260912/runs/performance.fs.100k.original.c2.h2.w20.r0.attempt0.log
fs,100,original,0,8,1084.451,/home/wangshaoyan/proJect/C-GpuStreamGraph-CG/logs/performance_matrix_20260912/runs/performance.fs.100k.original.c2.h2.w20.r0.attempt0.log
fs,100,original,0,9,1137.664,/home/wangshaoyan/proJect/C-GpuStreamGraph-CG/logs/performance_matrix_20260912/runs/performance.fs.100k.original.c2.h2.w20.r0.attempt0.log
fs,100,original,1,0,1364.074,/home/wangshaoyan/proJect/C-GpuStreamGraph-CG/logs/performance_matrix_20260912/runs/performance.fs.100k.original.c2.h2.w20.r1.attempt0.log
fs,100,original,1,1,932.895,/home/wangshaoyan/proJect/C-GpuStreamGraph-CG/logs/performance_matrix_20260912/runs/performance.fs.100k.original.c2.h2.w20.r1.attempt0.log
fs,100,original,1,2,960.467,/home/wangshaoyan/proJect/C-GpuStreamGraph-CG/logs/performance_matrix_20260912/runs/performance.fs.100k.original.c2.h2.w20.r1.attempt0.log
fs,100,original,1,3,956.456,/home/wangshaoyan/proJect/C-GpuStreamGraph-CG/logs/performance_matrix_20260912/runs/performance.fs.100k.original.c2.h2.w20.r1.attempt0.log
fs,100,original,1,4,988.251,/home/wangshaoyan/proJect/C-GpuStreamGraph-CG/logs/performance_matrix_20260912/runs/performance.fs.100k.original.c2.h2.w20.r1.attempt0.log
fs,100,original,1,5,1008.758,/home/wangshaoyan/proJect/C-GpuStreamGraph-CG/logs/performance_matrix_20260912/runs/performance.fs.100k.original.c2.h2.w20.r1.attempt0.log
fs,100,original,1,6,958.021,/home/wangshaoyan/proJect/C-GpuStreamGraph-CG/logs/performance_matrix_20260912/runs/performance.fs.100k.original.c2.h2.w20.r1.attempt0.log
fs,100,original,1,7,957.353,/home/wangshaoyan/proJect/C-GpuStreamGraph-CG/logs/performance_matrix_20260912/runs/performance.fs.100k.original.c2.h2.w20.r1.attempt0.log
fs,100,original,1,8,979.932,/home/wangshaoyan/proJect/C-GpuStreamGraph-CG/logs/performance_matrix_20260912/runs/performance.fs.100k.original.c2.h2.w20.r1.attempt0.log
fs,100,original,1,9,1002.936,/home/wangshaoyan/proJect/C-GpuStreamGraph-CG/logs/performance_matrix_20260912/runs/performance.fs.100k.original.c2.h2.w20.r1.attempt0.log
fs,100,original,2,0,1124.511,/home/wangshaoyan/proJect/C-GpuStreamGraph-CG/logs/performance_matrix_20260912/runs/performance.fs.100k.original.c2.h2.w20.r2.attempt0.log
fs,100,original,2,1,1170.846,/home/wangshaoyan/proJect/C-GpuStreamGraph-CG/logs/performance_matrix_20260912/runs/performance.fs.100k.original.c2.h2.w20.r2.attempt0.log
fs,100,original,2,2,1039.373,/home/wangshaoyan/proJect/C-GpuStreamGraph-CG/logs/performance_matrix_20260912/runs/performance.fs.100k.original.c2.h2.w20.r2.attempt0.log
fs,100,original,2,3,1018.035,/home/wangshaoyan/proJect/C-GpuStreamGraph-CG/logs/performance_matrix_20260912/runs/performance.fs.100k.original.c2.h2.w20.r2.attempt0.log
fs,100,original,2,4,1046.486,/home/wangshaoyan/proJect/C-GpuStreamGraph-CG/logs/performance_matrix_20260912/runs/performance.fs.100k.original.c2.h2.w20.r2.attempt0.log
fs,100,original,2,5,1063.922,/home/wangshaoyan/proJect/C-GpuStreamGraph-CG/logs/performance_matrix_20260912/runs/performance.fs.100k.original.c2.h2.w20.r2.attempt0.log
fs,100,original,2,6,1039.896,/home/wangshaoyan/proJect/C-GpuStreamGraph-CG/logs/performance_matrix_20260912/runs/performance.fs.100k.original.c2.h2.w20.r2.attempt0.log
fs,100,original,2,7,1038.358,/home/wangshaoyan/proJect/C-GpuStreamGraph-CG/logs/performance_matrix_20260912/runs/performance.fs.100k.original.c2.h2.w20.r2.attempt0.log
fs,100,original,2,8,1026.957,/home/wangshaoyan/proJect/C-GpuStreamGraph-CG/logs/performance_matrix_20260912/runs/performance.fs.100k.original.c2.h2.w20.r2.attempt0.log
fs,100,original,2,9,1083.286,/home/wangshaoyan/proJect/C-GpuStreamGraph-CG/logs/performance_matrix_20260912/runs/performance.fs.100k.original.c2.h2.w20.r2.attempt0.log
fs,1000,current,0,0,1453.362,/home/wangshaoyan/proJect/C-GpuStreamGraph-CG/logs/performance_matrix_20260912/runs/performance.fs.1000k.current.c2.h0.w20.r0.attempt0.log
fs,1000,current,0,1,1256.943,/home/wangshaoyan/proJect/C-GpuStreamGraph-CG/logs/performance_matrix_20260912/runs/performance.fs.1000k.current.c2.h0.w20.r0.attempt0.log
fs,1000,current,0,2,1240.17,/home/wangshaoyan/proJect/C-GpuStreamGraph-CG/logs/performance_matrix_20260912/runs/performance.fs.1000k.current.c2.h0.w20.r0.attempt0.log
fs,1000,current,0,3,1287.365,/home/wangshaoyan/proJect/C-GpuStreamGraph-CG/logs/performance_matrix_20260912/runs/performance.fs.1000k.current.c2.h0.w20.r0.attempt0.log
fs,1000,current,0,4,1202.765,/home/wangshaoyan/proJect/C-GpuStreamGraph-CG/logs/performance_matrix_20260912/runs/performance.fs.1000k.current.c2.h0.w20.r0.attempt0.log
fs,1000,current,0,5,1338.303,/home/wangshaoyan/proJect/C-GpuStreamGraph-CG/logs/performance_matrix_20260912/runs/performance.fs.1000k.current.c2.h0.w20.r0.attempt0.log
fs,1000,current,0,6,1424.948,/home/wangshaoyan/proJect/C-GpuStreamGraph-CG/logs/performance_matrix_20260912/runs/performance.fs.1000k.current.c2.h0.w20.r0.attempt0.log
fs,1000,current,0,7,1380.026,/home/wangshaoyan/proJect/C-GpuStreamGraph-CG/logs/performance_matrix_20260912/runs/performance.fs.1000k.current.c2.h0.w20.r0.attempt0.log
fs,1000,current,0,8,1378.4,/home/wangshaoyan/proJect/C-GpuStreamGraph-CG/logs/performance_matrix_20260912/runs/performance.fs.1000k.current.c2.h0.w20.r0.attempt0.log
fs,1000,current,0,9,1307.264,/home/wangshaoyan/proJect/C-GpuStreamGraph-CG/logs/performance_matrix_20260912/runs/performance.fs.1000k.current.c2.h0.w20.r0.attempt0.log
fs,1000,current,1,0,1579.698,/home/wangshaoyan/proJect/C-GpuStreamGraph-CG/logs/performance_matrix_20260912/runs/performance.fs.1000k.current.c2.h0.w20.r1.attempt0.log
fs,1000,current,1,1,1382.552,/home/wangshaoyan/proJect/C-GpuStreamGraph-CG/logs/performance_matrix_20260912/runs/performance.fs.1000k.current.c2.h0.w20.r1.attempt0.log
fs,1000,current,1,2,1366.175,/home/wangshaoyan/proJect/C-GpuStreamGraph-CG/logs/performance_matrix_20260912/runs/performance.fs.1000k.current.c2.h0.w20.r1.attempt0.log
fs,1000,current,1,3,1322.565,/home/wangshaoyan/proJect/C-GpuStreamGraph-CG/logs/performance_matrix_20260912/runs/performance.fs.1000k.current.c2.h0.w20.r1.attempt0.log
fs,1000,current,1,4,1241.632,/home/wangshaoyan/proJect/C-GpuStreamGraph-CG/logs/performance_matrix_20260912/runs/performance.fs.1000k.current.c2.h0.w20.r1.attempt0.log
fs,1000,current,1,5,1243.55,/home/wangshaoyan/proJect/C-GpuStreamGraph-CG/logs/performance_matrix_20260912/runs/performance.fs.1000k.current.c2.h0.w20.r1.attempt0.log
fs,1000,current,1,6,1210.122,/home/wangshaoyan/proJect/C-GpuStreamGraph-CG/logs/performance_matrix_20260912/runs/performance.fs.1000k.current.c2.h0.w20.r1.attempt0.log
fs,1000,current,1,7,1255.811,/home/wangshaoyan/proJect/C-GpuStreamGraph-CG/logs/performance_matrix_20260912/runs/performance.fs.1000k.current.c2.h0.w20.r1.attempt0.log
fs,1000,current,1,8,1278.149,/home/wangshaoyan/proJect/C-GpuStreamGraph-CG/logs/performance_matrix_20260912/runs/performance.fs.1000k.current.c2.h0.w20.r1.attempt0.log
fs,1000,current,1,9,1289.018,/home/wangshaoyan/proJect/C-GpuStreamGraph-CG/logs/performance_matrix_20260912/runs/performance.fs.1000k.current.c2.h0.w20.r1.attempt0.log
fs,1000,current,2,0,1920.581,/home/wangshaoyan/proJect/C-GpuStreamGraph-CG/logs/performance_matrix_20260912/runs/performance.fs.1000k.current.c2.h0.w20.r2.attempt0.log
fs,1000,current,2,1,1691.131,/home/wangshaoyan/proJect/C-GpuStreamGraph-CG/logs/performance_matrix_20260912/runs/performance.fs.1000k.current.c2.h0.w20.r2.attempt0.log
fs,1000,current,2,2,1617.282,/home/wangshaoyan/proJect/C-GpuStreamGraph-CG/logs/performance_matrix_20260912/runs/performance.fs.1000k.current.c2.h0.w20.r2.attempt0.log
fs,1000,current,2,3,1611.537,/home/wangshaoyan/proJect/C-GpuStreamGraph-CG/logs/performance_matrix_20260912/runs/performance.fs.1000k.current.c2.h0.w20.r2.attempt0.log
fs,1000,current,2,4,1546.685,/home/wangshaoyan/proJect/C-GpuStreamGraph-CG/logs/performance_matrix_20260912/runs/performance.fs.1000k.current.c2.h0.w20.r2.attempt0.log
fs,1000,current,2,5,1484.563,/home/wangshaoyan/proJect/C-GpuStreamGraph-CG/logs/performance_matrix_20260912/runs/performance.fs.1000k.current.c2.h0.w20.r2.attempt0.log
fs,1000,current,2,6,1490.799,/home/wangshaoyan/proJect/C-GpuStreamGraph-CG/logs/performance_matrix_20260912/runs/performance.fs.1000k.current.c2.h0.w20.r2.attempt0.log
fs,1000,current,2,7,1594.958,/home/wangshaoyan/proJect/C-GpuStreamGraph-CG/logs/performance_matrix_20260912/runs/performance.fs.1000k.current.c2.h0.w20.r2.attempt0.log
fs,1000,current,2,8,1586.628,/home/wangshaoyan/proJect/C-GpuStreamGraph-CG/logs/performance_matrix_20260912/runs/performance.fs.1000k.current.c2.h0.w20.r2.attempt0.log
fs,1000,current,2,9,1537.409,/home/wangshaoyan/proJect/C-GpuStreamGraph-CG/logs/performance_matrix_20260912/runs/performance.fs.1000k.current.c2.h0.w20.r2.attempt0.log
fs,1000,original,0,0,1771.323,/home/wangshaoyan/proJect/C-GpuStreamGraph-CG/logs/performance_matrix_20260912/runs/performance.fs.1000k.original.c2.h2.w20.r0.attempt0.log
fs,1000,original,0,1,1549.387,/home/wangshaoyan/proJect/C-GpuStreamGraph-CG/logs/performance_matrix_20260912/runs/performance.fs.1000k.original.c2.h2.w20.r0.attempt0.log
fs,1000,original,0,2,1575.027,/home/wangshaoyan/proJect/C-GpuStreamGraph-CG/logs/performance_matrix_20260912/runs/performance.fs.1000k.original.c2.h2.w20.r0.attempt0.log
fs,1000,original,0,3,1576.148,/home/wangshaoyan/proJect/C-GpuStreamGraph-CG/logs/performance_matrix_20260912/runs/performance.fs.1000k.original.c2.h2.w20.r0.attempt0.log
fs,1000,original,0,4,1490.018,/home/wangshaoyan/proJect/C-GpuStreamGraph-CG/logs/performance_matrix_20260912/runs/performance.fs.1000k.original.c2.h2.w20.r0.attempt0.log
fs,1000,original,0,5,1539.39,/home/wangshaoyan/proJect/C-GpuStreamGraph-CG/logs/performance_matrix_20260912/runs/performance.fs.1000k.original.c2.h2.w20.r0.attempt0.log
fs,1000,original,0,6,1501.51,/home/wangshaoyan/proJect/C-GpuStreamGraph-CG/logs/performance_matrix_20260912/runs/performance.fs.1000k.original.c2.h2.w20.r0.attempt0.log
fs,1000,original,0,7,1629.038,/home/wangshaoyan/proJect/C-GpuStreamGraph-CG/logs/performance_matrix_20260912/runs/performance.fs.1000k.original.c2.h2.w20.r0.attempt0.log
fs,1000,original,0,8,1545.016,/home/wangshaoyan/proJect/C-GpuStreamGraph-CG/logs/performance_matrix_20260912/runs/performance.fs.1000k.original.c2.h2.w20.r0.attempt0.log
fs,1000,original,0,9,1561.966,/home/wangshaoyan/proJect/C-GpuStreamGraph-CG/logs/performance_matrix_20260912/runs/performance.fs.1000k.original.c2.h2.w20.r0.attempt0.log
fs,1000,original,1,0,1738.285,/home/wangshaoyan/proJect/C-GpuStreamGraph-CG/logs/performance_matrix_20260912/runs/performance.fs.1000k.original.c2.h2.w20.r1.attempt0.log
fs,1000,original,1,1,1507.226,/home/wangshaoyan/proJect/C-GpuStreamGraph-CG/logs/performance_matrix_20260912/runs/performance.fs.1000k.original.c2.h2.w20.r1.attempt0.log
fs,1000,original,1,2,1547.976,/home/wangshaoyan/proJect/C-GpuStreamGraph-CG/logs/performance_matrix_20260912/runs/performance.fs.1000k.original.c2.h2.w20.r1.attempt0.log
fs,1000,original,1,3,1556.339,/home/wangshaoyan/proJect/C-GpuStreamGraph-CG/logs/performance_matrix_20260912/runs/performance.fs.1000k.original.c2.h2.w20.r1.attempt0.log
fs,1000,original,1,4,1477.386,/home/wangshaoyan/proJect/C-GpuStreamGraph-CG/logs/performance_matrix_20260912/runs/performance.fs.1000k.original.c2.h2.w20.r1.attempt0.log
fs,1000,original,1,5,1518.888,/home/wangshaoyan/proJect/C-GpuStreamGraph-CG/logs/performance_matrix_20260912/runs/performance.fs.1000k.original.c2.h2.w20.r1.attempt0.log
fs,1000,original,1,6,1479.695,/home/wangshaoyan/proJect/C-GpuStreamGraph-CG/logs/performance_matrix_20260912/runs/performance.fs.1000k.original.c2.h2.w20.r1.attempt0.log
fs,1000,original,1,7,1626.25,/home/wangshaoyan/proJect/C-GpuStreamGraph-CG/logs/performance_matrix_20260912/runs/performance.fs.1000k.original.c2.h2.w20.r1.attempt0.log
fs,1000,original,1,8,1523.253,/home/wangshaoyan/proJect/C-GpuStreamGraph-CG/logs/performance_matrix_20260912/runs/performance.fs.1000k.original.c2.h2.w20.r1.attempt0.log
fs,1000,original,1,9,1538.603,/home/wangshaoyan/proJect/C-GpuStreamGraph-CG/logs/performance_matrix_20260912/runs/performance.fs.1000k.original.c2.h2.w20.r1.attempt0.log
fs,1000,original,2,0,1737.658,/home/wangshaoyan/proJect/C-GpuStreamGraph-CG/logs/performance_matrix_20260912/runs/performance.fs.1000k.original.c2.h2.w20.r2.attempt0.log
fs,1000,original,2,1,1505.651,/home/wangshaoyan/proJect/C-GpuStreamGraph-CG/logs/performance_matrix_20260912/runs/performance.fs.1000k.original.c2.h2.w20.r2.attempt0.log
fs,1000,original,2,2,1563.436,/home/wangshaoyan/proJect/C-GpuStreamGraph-CG/logs/performance_matrix_20260912/runs/performance.fs.1000k.original.c2.h2.w20.r2.attempt0.log
fs,1000,original,2,3,1573.06,/home/wangshaoyan/proJect/C-GpuStreamGraph-CG/logs/performance_matrix_20260912/runs/performance.fs.1000k.original.c2.h2.w20.r2.attempt0.log
fs,1000,original,2,4,1498.741,/home/wangshaoyan/proJect/C-GpuStreamGraph-CG/logs/performance_matrix_20260912/runs/performance.fs.1000k.original.c2.h2.w20.r2.attempt0.log
fs,1000,original,2,5,1510.0,/home/wangshaoyan/proJect/C-GpuStreamGraph-CG/logs/performance_matrix_20260912/runs/performance.fs.1000k.original.c2.h2.w20.r2.attempt0.log
fs,1000,original,2,6,1497.161,/home/wangshaoyan/proJect/C-GpuStreamGraph-CG/logs/performance_matrix_20260912/runs/performance.fs.1000k.original.c2.h2.w20.r2.attempt0.log
fs,1000,original,2,7,1613.785,/home/wangshaoyan/proJect/C-GpuStreamGraph-CG/logs/performance_matrix_20260912/runs/performance.fs.1000k.original.c2.h2.w20.r2.attempt0.log
fs,1000,original,2,8,1544.342,/home/wangshaoyan/proJect/C-GpuStreamGraph-CG/logs/performance_matrix_20260912/runs/performance.fs.1000k.original.c2.h2.w20.r2.attempt0.log
fs,1000,original,2,9,1543.174,/home/wangshaoyan/proJect/C-GpuStreamGraph-CG/logs/performance_matrix_20260912/runs/performance.fs.1000k.original.c2.h2.w20.r2.attempt0.log
tw,1,current,0,0,23.847,/home/wangshaoyan/proJect/C-GpuStreamGraph-CG/logs/performance_matrix_20260912/runs/performance.tw.1k.current.c2.h0.w20.r0.attempt0.log
tw,1,current,0,1,21.248,/home/wangshaoyan/proJect/C-GpuStreamGraph-CG/logs/performance_matrix_20260912/runs/performance.tw.1k.current.c2.h0.w20.r0.attempt0.log
tw,1,current,0,2,21.634,/home/wangshaoyan/proJect/C-GpuStreamGraph-CG/logs/performance_matrix_20260912/runs/performance.tw.1k.current.c2.h0.w20.r0.attempt0.log
tw,1,current,0,3,20.843,/home/wangshaoyan/proJect/C-GpuStreamGraph-CG/logs/performance_matrix_20260912/runs/performance.tw.1k.current.c2.h0.w20.r0.attempt0.log
tw,1,current,0,4,20.408,/home/wangshaoyan/proJect/C-GpuStreamGraph-CG/logs/performance_matrix_20260912/runs/performance.tw.1k.current.c2.h0.w20.r0.attempt0.log
tw,1,current,0,5,20.948,/home/wangshaoyan/proJect/C-GpuStreamGraph-CG/logs/performance_matrix_20260912/runs/performance.tw.1k.current.c2.h0.w20.r0.attempt0.log
tw,1,current,0,6,20.74,/home/wangshaoyan/proJect/C-GpuStreamGraph-CG/logs/performance_matrix_20260912/runs/performance.tw.1k.current.c2.h0.w20.r0.attempt0.log
tw,1,current,0,7,20.641,/home/wangshaoyan/proJect/C-GpuStreamGraph-CG/logs/performance_matrix_20260912/runs/performance.tw.1k.current.c2.h0.w20.r0.attempt0.log
tw,1,current,0,8,26.875,/home/wangshaoyan/proJect/C-GpuStreamGraph-CG/logs/performance_matrix_20260912/runs/performance.tw.1k.current.c2.h0.w20.r0.attempt0.log
tw,1,current,0,9,86.237,/home/wangshaoyan/proJect/C-GpuStreamGraph-CG/logs/performance_matrix_20260912/runs/performance.tw.1k.current.c2.h0.w20.r0.attempt0.log
tw,1,current,1,0,22.979,/home/wangshaoyan/proJect/C-GpuStreamGraph-CG/logs/performance_matrix_20260912/runs/performance.tw.1k.current.c2.h0.w20.r1.attempt0.log
tw,1,current,1,1,21.046,/home/wangshaoyan/proJect/C-GpuStreamGraph-CG/logs/performance_matrix_20260912/runs/performance.tw.1k.current.c2.h0.w20.r1.attempt0.log
tw,1,current,1,2,21.458,/home/wangshaoyan/proJect/C-GpuStreamGraph-CG/logs/performance_matrix_20260912/runs/performance.tw.1k.current.c2.h0.w20.r1.attempt0.log
tw,1,current,1,3,20.824,/home/wangshaoyan/proJect/C-GpuStreamGraph-CG/logs/performance_matrix_20260912/runs/performance.tw.1k.current.c2.h0.w20.r1.attempt0.log
tw,1,current,1,4,24.197,/home/wangshaoyan/proJect/C-GpuStreamGraph-CG/logs/performance_matrix_20260912/runs/performance.tw.1k.current.c2.h0.w20.r1.attempt0.log
tw,1,current,1,5,20.705,/home/wangshaoyan/proJect/C-GpuStreamGraph-CG/logs/performance_matrix_20260912/runs/performance.tw.1k.current.c2.h0.w20.r1.attempt0.log
tw,1,current,1,6,21.101,/home/wangshaoyan/proJect/C-GpuStreamGraph-CG/logs/performance_matrix_20260912/runs/performance.tw.1k.current.c2.h0.w20.r1.attempt0.log
tw,1,current,1,7,20.553,/home/wangshaoyan/proJect/C-GpuStreamGraph-CG/logs/performance_matrix_20260912/runs/performance.tw.1k.current.c2.h0.w20.r1.attempt0.log
tw,1,current,1,8,26.575,/home/wangshaoyan/proJect/C-GpuStreamGraph-CG/logs/performance_matrix_20260912/runs/performance.tw.1k.current.c2.h0.w20.r1.attempt0.log
tw,1,current,1,9,84.222,/home/wangshaoyan/proJect/C-GpuStreamGraph-CG/logs/performance_matrix_20260912/runs/performance.tw.1k.current.c2.h0.w20.r1.attempt0.log
tw,1,current,2,0,23.964,/home/wangshaoyan/proJect/C-GpuStreamGraph-CG/logs/performance_matrix_20260912/runs/performance.tw.1k.current.c2.h0.w20.r2.attempt0.log
tw,1,current,2,1,21.178,/home/wangshaoyan/proJect/C-GpuStreamGraph-CG/logs/performance_matrix_20260912/runs/performance.tw.1k.current.c2.h0.w20.r2.attempt0.log
tw,1,current,2,2,21.648,/home/wangshaoyan/proJect/C-GpuStreamGraph-CG/logs/performance_matrix_20260912/runs/performance.tw.1k.current.c2.h0.w20.r2.attempt0.log
tw,1,current,2,3,20.859,/home/wangshaoyan/proJect/C-GpuStreamGraph-CG/logs/performance_matrix_20260912/runs/performance.tw.1k.current.c2.h0.w20.r2.attempt0.log
tw,1,current,2,4,20.383,/home/wangshaoyan/proJect/C-GpuStreamGraph-CG/logs/performance_matrix_20260912/runs/performance.tw.1k.current.c2.h0.w20.r2.attempt0.log
tw,1,current,2,5,20.837,/home/wangshaoyan/proJect/C-GpuStreamGraph-CG/logs/performance_matrix_20260912/runs/performance.tw.1k.current.c2.h0.w20.r2.attempt0.log
tw,1,current,2,6,20.504,/home/wangshaoyan/proJect/C-GpuStreamGraph-CG/logs/performance_matrix_20260912/runs/performance.tw.1k.current.c2.h0.w20.r2.attempt0.log
tw,1,current,2,7,20.633,/home/wangshaoyan/proJect/C-GpuStreamGraph-CG/logs/performance_matrix_20260912/runs/performance.tw.1k.current.c2.h0.w20.r2.attempt0.log
tw,1,current,2,8,26.886,/home/wangshaoyan/proJect/C-GpuStreamGraph-CG/logs/performance_matrix_20260912/runs/performance.tw.1k.current.c2.h0.w20.r2.attempt0.log
tw,1,current,2,9,86.043,/home/wangshaoyan/proJect/C-GpuStreamGraph-CG/logs/performance_matrix_20260912/runs/performance.tw.1k.current.c2.h0.w20.r2.attempt0.log
tw,1,original,0,0,336.779,/home/wangshaoyan/proJect/C-GpuStreamGraph-CG/logs/performance_matrix_20260912/runs/performance.tw.1k.original.c2.h2.w20.r0.attempt0.log
tw,1,original,0,1,357.665,/home/wangshaoyan/proJect/C-GpuStreamGraph-CG/logs/performance_matrix_20260912/runs/performance.tw.1k.original.c2.h2.w20.r0.attempt0.log
tw,1,original,0,2,348.617,/home/wangshaoyan/proJect/C-GpuStreamGraph-CG/logs/performance_matrix_20260912/runs/performance.tw.1k.original.c2.h2.w20.r0.attempt0.log
tw,1,original,0,3,313.505,/home/wangshaoyan/proJect/C-GpuStreamGraph-CG/logs/performance_matrix_20260912/runs/performance.tw.1k.original.c2.h2.w20.r0.attempt0.log
tw,1,original,0,4,327.119,/home/wangshaoyan/proJect/C-GpuStreamGraph-CG/logs/performance_matrix_20260912/runs/performance.tw.1k.original.c2.h2.w20.r0.attempt0.log
tw,1,original,0,5,350.394,/home/wangshaoyan/proJect/C-GpuStreamGraph-CG/logs/performance_matrix_20260912/runs/performance.tw.1k.original.c2.h2.w20.r0.attempt0.log
tw,1,original,0,6,350.583,/home/wangshaoyan/proJect/C-GpuStreamGraph-CG/logs/performance_matrix_20260912/runs/performance.tw.1k.original.c2.h2.w20.r0.attempt0.log
tw,1,original,0,7,313.608,/home/wangshaoyan/proJect/C-GpuStreamGraph-CG/logs/performance_matrix_20260912/runs/performance.tw.1k.original.c2.h2.w20.r0.attempt0.log
tw,1,original,0,8,343.052,/home/wangshaoyan/proJect/C-GpuStreamGraph-CG/logs/performance_matrix_20260912/runs/performance.tw.1k.original.c2.h2.w20.r0.attempt0.log
tw,1,original,0,9,336.924,/home/wangshaoyan/proJect/C-GpuStreamGraph-CG/logs/performance_matrix_20260912/runs/performance.tw.1k.original.c2.h2.w20.r0.attempt0.log
tw,1,original,1,0,345.592,/home/wangshaoyan/proJect/C-GpuStreamGraph-CG/logs/performance_matrix_20260912/runs/performance.tw.1k.original.c2.h2.w20.r1.attempt0.log
tw,1,original,1,1,349.164,/home/wangshaoyan/proJect/C-GpuStreamGraph-CG/logs/performance_matrix_20260912/runs/performance.tw.1k.original.c2.h2.w20.r1.attempt0.log
tw,1,original,1,2,350.406,/home/wangshaoyan/proJect/C-GpuStreamGraph-CG/logs/performance_matrix_20260912/runs/performance.tw.1k.original.c2.h2.w20.r1.attempt0.log
tw,1,original,1,3,311.717,/home/wangshaoyan/proJect/C-GpuStreamGraph-CG/logs/performance_matrix_20260912/runs/performance.tw.1k.original.c2.h2.w20.r1.attempt0.log
tw,1,original,1,4,326.789,/home/wangshaoyan/proJect/C-GpuStreamGraph-CG/logs/performance_matrix_20260912/runs/performance.tw.1k.original.c2.h2.w20.r1.attempt0.log
tw,1,original,1,5,349.056,/home/wangshaoyan/proJect/C-GpuStreamGraph-CG/logs/performance_matrix_20260912/runs/performance.tw.1k.original.c2.h2.w20.r1.attempt0.log
tw,1,original,1,6,346.516,/home/wangshaoyan/proJect/C-GpuStreamGraph-CG/logs/performance_matrix_20260912/runs/performance.tw.1k.original.c2.h2.w20.r1.attempt0.log
tw,1,original,1,7,312.854,/home/wangshaoyan/proJect/C-GpuStreamGraph-CG/logs/performance_matrix_20260912/runs/performance.tw.1k.original.c2.h2.w20.r1.attempt0.log
tw,1,original,1,8,338.493,/home/wangshaoyan/proJect/C-GpuStreamGraph-CG/logs/performance_matrix_20260912/runs/performance.tw.1k.original.c2.h2.w20.r1.attempt0.log
tw,1,original,1,9,336.934,/home/wangshaoyan/proJect/C-GpuStreamGraph-CG/logs/performance_matrix_20260912/runs/performance.tw.1k.original.c2.h2.w20.r1.attempt0.log
tw,1,original,2,0,337.74,/home/wangshaoyan/proJect/C-GpuStreamGraph-CG/logs/performance_matrix_20260912/runs/performance.tw.1k.original.c2.h2.w20.r2.attempt0.log
tw,1,original,2,1,346.837,/home/wangshaoyan/proJect/C-GpuStreamGraph-CG/logs/performance_matrix_20260912/runs/performance.tw.1k.original.c2.h2.w20.r2.attempt0.log
tw,1,original,2,2,352.644,/home/wangshaoyan/proJect/C-GpuStreamGraph-CG/logs/performance_matrix_20260912/runs/performance.tw.1k.original.c2.h2.w20.r2.attempt0.log
tw,1,original,2,3,312.258,/home/wangshaoyan/proJect/C-GpuStreamGraph-CG/logs/performance_matrix_20260912/runs/performance.tw.1k.original.c2.h2.w20.r2.attempt0.log
tw,1,original,2,4,327.704,/home/wangshaoyan/proJect/C-GpuStreamGraph-CG/logs/performance_matrix_20260912/runs/performance.tw.1k.original.c2.h2.w20.r2.attempt0.log
tw,1,original,2,5,356.543,/home/wangshaoyan/proJect/C-GpuStreamGraph-CG/logs/performance_matrix_20260912/runs/performance.tw.1k.original.c2.h2.w20.r2.attempt0.log
tw,1,original,2,6,348.673,/home/wangshaoyan/proJect/C-GpuStreamGraph-CG/logs/performance_matrix_20260912/runs/performance.tw.1k.original.c2.h2.w20.r2.attempt0.log
tw,1,original,2,7,319.963,/home/wangshaoyan/proJect/C-GpuStreamGraph-CG/logs/performance_matrix_20260912/runs/performance.tw.1k.original.c2.h2.w20.r2.attempt0.log
tw,1,original,2,8,336.602,/home/wangshaoyan/proJect/C-GpuStreamGraph-CG/logs/performance_matrix_20260912/runs/performance.tw.1k.original.c2.h2.w20.r2.attempt0.log
tw,1,original,2,9,339.75,/home/wangshaoyan/proJect/C-GpuStreamGraph-CG/logs/performance_matrix_20260912/runs/performance.tw.1k.original.c2.h2.w20.r2.attempt0.log
tw,10,current,0,0,31.824,/home/wangshaoyan/proJect/C-GpuStreamGraph-CG/logs/performance_matrix_20260912/runs/performance.tw.10k.current.c2.h0.w20.r0.attempt0.log
tw,10,current,0,1,30.221,/home/wangshaoyan/proJect/C-GpuStreamGraph-CG/logs/performance_matrix_20260912/runs/performance.tw.10k.current.c2.h0.w20.r0.attempt0.log
tw,10,current,0,2,35.708,/home/wangshaoyan/proJect/C-GpuStreamGraph-CG/logs/performance_matrix_20260912/runs/performance.tw.10k.current.c2.h0.w20.r0.attempt0.log
tw,10,current,0,3,30.791,/home/wangshaoyan/proJect/C-GpuStreamGraph-CG/logs/performance_matrix_20260912/runs/performance.tw.10k.current.c2.h0.w20.r0.attempt0.log
tw,10,current,0,4,35.944,/home/wangshaoyan/proJect/C-GpuStreamGraph-CG/logs/performance_matrix_20260912/runs/performance.tw.10k.current.c2.h0.w20.r0.attempt0.log
tw,10,current,0,5,37.37,/home/wangshaoyan/proJect/C-GpuStreamGraph-CG/logs/performance_matrix_20260912/runs/performance.tw.10k.current.c2.h0.w20.r0.attempt0.log
tw,10,current,0,6,33.908,/home/wangshaoyan/proJect/C-GpuStreamGraph-CG/logs/performance_matrix_20260912/runs/performance.tw.10k.current.c2.h0.w20.r0.attempt0.log
tw,10,current,0,7,34.025,/home/wangshaoyan/proJect/C-GpuStreamGraph-CG/logs/performance_matrix_20260912/runs/performance.tw.10k.current.c2.h0.w20.r0.attempt0.log
tw,10,current,0,8,39.554,/home/wangshaoyan/proJect/C-GpuStreamGraph-CG/logs/performance_matrix_20260912/runs/performance.tw.10k.current.c2.h0.w20.r0.attempt0.log
tw,10,current,0,9,96.094,/home/wangshaoyan/proJect/C-GpuStreamGraph-CG/logs/performance_matrix_20260912/runs/performance.tw.10k.current.c2.h0.w20.r0.attempt0.log
tw,10,current,1,0,33.396,/home/wangshaoyan/proJect/C-GpuStreamGraph-CG/logs/performance_matrix_20260912/runs/performance.tw.10k.current.c2.h0.w20.r1.attempt0.log
tw,10,current,1,1,31.64,/home/wangshaoyan/proJect/C-GpuStreamGraph-CG/logs/performance_matrix_20260912/runs/performance.tw.10k.current.c2.h0.w20.r1.attempt0.log
tw,10,current,1,2,36.491,/home/wangshaoyan/proJect/C-GpuStreamGraph-CG/logs/performance_matrix_20260912/runs/performance.tw.10k.current.c2.h0.w20.r1.attempt0.log
tw,10,current,1,3,31.276,/home/wangshaoyan/proJect/C-GpuStreamGraph-CG/logs/performance_matrix_20260912/runs/performance.tw.10k.current.c2.h0.w20.r1.attempt0.log
tw,10,current,1,4,37.634,/home/wangshaoyan/proJect/C-GpuStreamGraph-CG/logs/performance_matrix_20260912/runs/performance.tw.10k.current.c2.h0.w20.r1.attempt0.log
tw,10,current,1,5,39.38,/home/wangshaoyan/proJect/C-GpuStreamGraph-CG/logs/performance_matrix_20260912/runs/performance.tw.10k.current.c2.h0.w20.r1.attempt0.log
tw,10,current,1,6,34.097,/home/wangshaoyan/proJect/C-GpuStreamGraph-CG/logs/performance_matrix_20260912/runs/performance.tw.10k.current.c2.h0.w20.r1.attempt0.log
tw,10,current,1,7,36.044,/home/wangshaoyan/proJect/C-GpuStreamGraph-CG/logs/performance_matrix_20260912/runs/performance.tw.10k.current.c2.h0.w20.r1.attempt0.log
tw,10,current,1,8,46.114,/home/wangshaoyan/proJect/C-GpuStreamGraph-CG/logs/performance_matrix_20260912/runs/performance.tw.10k.current.c2.h0.w20.r1.attempt0.log
tw,10,current,1,9,103.42,/home/wangshaoyan/proJect/C-GpuStreamGraph-CG/logs/performance_matrix_20260912/runs/performance.tw.10k.current.c2.h0.w20.r1.attempt0.log
tw,10,current,2,0,31.7,/home/wangshaoyan/proJect/C-GpuStreamGraph-CG/logs/performance_matrix_20260912/runs/performance.tw.10k.current.c2.h0.w20.r2.attempt0.log
tw,10,current,2,1,30.381,/home/wangshaoyan/proJect/C-GpuStreamGraph-CG/logs/performance_matrix_20260912/runs/performance.tw.10k.current.c2.h0.w20.r2.attempt0.log
tw,10,current,2,2,35.717,/home/wangshaoyan/proJect/C-GpuStreamGraph-CG/logs/performance_matrix_20260912/runs/performance.tw.10k.current.c2.h0.w20.r2.attempt0.log
tw,10,current,2,3,30.101,/home/wangshaoyan/proJect/C-GpuStreamGraph-CG/logs/performance_matrix_20260912/runs/performance.tw.10k.current.c2.h0.w20.r2.attempt0.log
tw,10,current,2,4,35.833,/home/wangshaoyan/proJect/C-GpuStreamGraph-CG/logs/performance_matrix_20260912/runs/performance.tw.10k.current.c2.h0.w20.r2.attempt0.log
tw,10,current,2,5,37.323,/home/wangshaoyan/proJect/C-GpuStreamGraph-CG/logs/performance_matrix_20260912/runs/performance.tw.10k.current.c2.h0.w20.r2.attempt0.log
tw,10,current,2,6,33.618,/home/wangshaoyan/proJect/C-GpuStreamGraph-CG/logs/performance_matrix_20260912/runs/performance.tw.10k.current.c2.h0.w20.r2.attempt0.log
tw,10,current,2,7,33.907,/home/wangshaoyan/proJect/C-GpuStreamGraph-CG/logs/performance_matrix_20260912/runs/performance.tw.10k.current.c2.h0.w20.r2.attempt0.log
tw,10,current,2,8,39.569,/home/wangshaoyan/proJect/C-GpuStreamGraph-CG/logs/performance_matrix_20260912/runs/performance.tw.10k.current.c2.h0.w20.r2.attempt0.log
tw,10,current,2,9,95.103,/home/wangshaoyan/proJect/C-GpuStreamGraph-CG/logs/performance_matrix_20260912/runs/performance.tw.10k.current.c2.h0.w20.r2.attempt0.log
tw,10,original,0,0,373.825,/home/wangshaoyan/proJect/C-GpuStreamGraph-CG/logs/performance_matrix_20260912/runs/performance.tw.10k.original.c2.h2.w20.r0.attempt0.log
tw,10,original,0,1,413.397,/home/wangshaoyan/proJect/C-GpuStreamGraph-CG/logs/performance_matrix_20260912/runs/performance.tw.10k.original.c2.h2.w20.r0.attempt0.log
tw,10,original,0,2,374.887,/home/wangshaoyan/proJect/C-GpuStreamGraph-CG/logs/performance_matrix_20260912/runs/performance.tw.10k.original.c2.h2.w20.r0.attempt0.log
tw,10,original,0,3,387.69,/home/wangshaoyan/proJect/C-GpuStreamGraph-CG/logs/performance_matrix_20260912/runs/performance.tw.10k.original.c2.h2.w20.r0.attempt0.log
tw,10,original,0,4,372.351,/home/wangshaoyan/proJect/C-GpuStreamGraph-CG/logs/performance_matrix_20260912/runs/performance.tw.10k.original.c2.h2.w20.r0.attempt0.log
tw,10,original,0,5,412.261,/home/wangshaoyan/proJect/C-GpuStreamGraph-CG/logs/performance_matrix_20260912/runs/performance.tw.10k.original.c2.h2.w20.r0.attempt0.log
tw,10,original,0,6,373.349,/home/wangshaoyan/proJect/C-GpuStreamGraph-CG/logs/performance_matrix_20260912/runs/performance.tw.10k.original.c2.h2.w20.r0.attempt0.log
tw,10,original,0,7,385.326,/home/wangshaoyan/proJect/C-GpuStreamGraph-CG/logs/performance_matrix_20260912/runs/performance.tw.10k.original.c2.h2.w20.r0.attempt0.log
tw,10,original,0,8,372.39,/home/wangshaoyan/proJect/C-GpuStreamGraph-CG/logs/performance_matrix_20260912/runs/performance.tw.10k.original.c2.h2.w20.r0.attempt0.log
tw,10,original,0,9,385.468,/home/wangshaoyan/proJect/C-GpuStreamGraph-CG/logs/performance_matrix_20260912/runs/performance.tw.10k.original.c2.h2.w20.r0.attempt0.log
tw,10,original,1,0,370.991,/home/wangshaoyan/proJect/C-GpuStreamGraph-CG/logs/performance_matrix_20260912/runs/performance.tw.10k.original.c2.h2.w20.r1.attempt0.log
tw,10,original,1,1,412.709,/home/wangshaoyan/proJect/C-GpuStreamGraph-CG/logs/performance_matrix_20260912/runs/performance.tw.10k.original.c2.h2.w20.r1.attempt0.log
tw,10,original,1,2,373.051,/home/wangshaoyan/proJect/C-GpuStreamGraph-CG/logs/performance_matrix_20260912/runs/performance.tw.10k.original.c2.h2.w20.r1.attempt0.log
tw,10,original,1,3,384.333,/home/wangshaoyan/proJect/C-GpuStreamGraph-CG/logs/performance_matrix_20260912/runs/performance.tw.10k.original.c2.h2.w20.r1.attempt0.log
tw,10,original,1,4,371.166,/home/wangshaoyan/proJect/C-GpuStreamGraph-CG/logs/performance_matrix_20260912/runs/performance.tw.10k.original.c2.h2.w20.r1.attempt0.log
tw,10,original,1,5,418.871,/home/wangshaoyan/proJect/C-GpuStreamGraph-CG/logs/performance_matrix_20260912/runs/performance.tw.10k.original.c2.h2.w20.r1.attempt0.log
tw,10,original,1,6,372.218,/home/wangshaoyan/proJect/C-GpuStreamGraph-CG/logs/performance_matrix_20260912/runs/performance.tw.10k.original.c2.h2.w20.r1.attempt0.log
tw,10,original,1,7,384.793,/home/wangshaoyan/proJect/C-GpuStreamGraph-CG/logs/performance_matrix_20260912/runs/performance.tw.10k.original.c2.h2.w20.r1.attempt0.log
tw,10,original,1,8,372.613,/home/wangshaoyan/proJect/C-GpuStreamGraph-CG/logs/performance_matrix_20260912/runs/performance.tw.10k.original.c2.h2.w20.r1.attempt0.log
tw,10,original,1,9,386.489,/home/wangshaoyan/proJect/C-GpuStreamGraph-CG/logs/performance_matrix_20260912/runs/performance.tw.10k.original.c2.h2.w20.r1.attempt0.log
tw,10,original,2,0,369.661,/home/wangshaoyan/proJect/C-GpuStreamGraph-CG/logs/performance_matrix_20260912/runs/performance.tw.10k.original.c2.h2.w20.r2.attempt0.log
tw,10,original,2,1,414.204,/home/wangshaoyan/proJect/C-GpuStreamGraph-CG/logs/performance_matrix_20260912/runs/performance.tw.10k.original.c2.h2.w20.r2.attempt0.log
tw,10,original,2,2,376.33,/home/wangshaoyan/proJect/C-GpuStreamGraph-CG/logs/performance_matrix_20260912/runs/performance.tw.10k.original.c2.h2.w20.r2.attempt0.log
tw,10,original,2,3,382.926,/home/wangshaoyan/proJect/C-GpuStreamGraph-CG/logs/performance_matrix_20260912/runs/performance.tw.10k.original.c2.h2.w20.r2.attempt0.log
tw,10,original,2,4,371.017,/home/wangshaoyan/proJect/C-GpuStreamGraph-CG/logs/performance_matrix_20260912/runs/performance.tw.10k.original.c2.h2.w20.r2.attempt0.log
tw,10,original,2,5,406.446,/home/wangshaoyan/proJect/C-GpuStreamGraph-CG/logs/performance_matrix_20260912/runs/performance.tw.10k.original.c2.h2.w20.r2.attempt0.log
tw,10,original,2,6,371.24,/home/wangshaoyan/proJect/C-GpuStreamGraph-CG/logs/performance_matrix_20260912/runs/performance.tw.10k.original.c2.h2.w20.r2.attempt0.log
tw,10,original,2,7,382.623,/home/wangshaoyan/proJect/C-GpuStreamGraph-CG/logs/performance_matrix_20260912/runs/performance.tw.10k.original.c2.h2.w20.r2.attempt0.log
tw,10,original,2,8,391.029,/home/wangshaoyan/proJect/C-GpuStreamGraph-CG/logs/performance_matrix_20260912/runs/performance.tw.10k.original.c2.h2.w20.r2.attempt0.log
tw,10,original,2,9,382.75,/home/wangshaoyan/proJect/C-GpuStreamGraph-CG/logs/performance_matrix_20260912/runs/performance.tw.10k.original.c2.h2.w20.r2.attempt0.log
tw,100,current,0,0,117.015,/home/wangshaoyan/proJect/C-GpuStreamGraph-CG/logs/performance_matrix_20260912/runs/performance.tw.100k.current.c2.h0.w20.r0.attempt0.log
tw,100,current,0,1,124.244,/home/wangshaoyan/proJect/C-GpuStreamGraph-CG/logs/performance_matrix_20260912/runs/performance.tw.100k.current.c2.h0.w20.r0.attempt0.log
tw,100,current,0,2,138.839,/home/wangshaoyan/proJect/C-GpuStreamGraph-CG/logs/performance_matrix_20260912/runs/performance.tw.100k.current.c2.h0.w20.r0.attempt0.log
tw,100,current,0,3,165.368,/home/wangshaoyan/proJect/C-GpuStreamGraph-CG/logs/performance_matrix_20260912/runs/performance.tw.100k.current.c2.h0.w20.r0.attempt0.log
tw,100,current,0,4,244.11,/home/wangshaoyan/proJect/C-GpuStreamGraph-CG/logs/performance_matrix_20260912/runs/performance.tw.100k.current.c2.h0.w20.r0.attempt0.log
tw,100,current,0,5,195.707,/home/wangshaoyan/proJect/C-GpuStreamGraph-CG/logs/performance_matrix_20260912/runs/performance.tw.100k.current.c2.h0.w20.r0.attempt0.log
tw,100,current,0,6,994.708,/home/wangshaoyan/proJect/C-GpuStreamGraph-CG/logs/performance_matrix_20260912/runs/performance.tw.100k.current.c2.h0.w20.r0.attempt0.log
tw,100,current,0,7,205.153,/home/wangshaoyan/proJect/C-GpuStreamGraph-CG/logs/performance_matrix_20260912/runs/performance.tw.100k.current.c2.h0.w20.r0.attempt0.log
tw,100,current,0,8,242.92,/home/wangshaoyan/proJect/C-GpuStreamGraph-CG/logs/performance_matrix_20260912/runs/performance.tw.100k.current.c2.h0.w20.r0.attempt0.log
tw,100,current,0,9,384.604,/home/wangshaoyan/proJect/C-GpuStreamGraph-CG/logs/performance_matrix_20260912/runs/performance.tw.100k.current.c2.h0.w20.r0.attempt0.log
tw,100,current,1,0,115.363,/home/wangshaoyan/proJect/C-GpuStreamGraph-CG/logs/performance_matrix_20260912/runs/performance.tw.100k.current.c2.h0.w20.r1.attempt0.log
tw,100,current,1,1,122.593,/home/wangshaoyan/proJect/C-GpuStreamGraph-CG/logs/performance_matrix_20260912/runs/performance.tw.100k.current.c2.h0.w20.r1.attempt0.log
tw,100,current,1,2,137.031,/home/wangshaoyan/proJect/C-GpuStreamGraph-CG/logs/performance_matrix_20260912/runs/performance.tw.100k.current.c2.h0.w20.r1.attempt0.log
tw,100,current,1,3,157.599,/home/wangshaoyan/proJect/C-GpuStreamGraph-CG/logs/performance_matrix_20260912/runs/performance.tw.100k.current.c2.h0.w20.r1.attempt0.log
tw,100,current,1,4,239.139,/home/wangshaoyan/proJect/C-GpuStreamGraph-CG/logs/performance_matrix_20260912/runs/performance.tw.100k.current.c2.h0.w20.r1.attempt0.log
tw,100,current,1,5,192.235,/home/wangshaoyan/proJect/C-GpuStreamGraph-CG/logs/performance_matrix_20260912/runs/performance.tw.100k.current.c2.h0.w20.r1.attempt0.log
tw,100,current,1,6,897.208,/home/wangshaoyan/proJect/C-GpuStreamGraph-CG/logs/performance_matrix_20260912/runs/performance.tw.100k.current.c2.h0.w20.r1.attempt0.log
tw,100,current,1,7,179.618,/home/wangshaoyan/proJect/C-GpuStreamGraph-CG/logs/performance_matrix_20260912/runs/performance.tw.100k.current.c2.h0.w20.r1.attempt0.log
tw,100,current,1,8,232.133,/home/wangshaoyan/proJect/C-GpuStreamGraph-CG/logs/performance_matrix_20260912/runs/performance.tw.100k.current.c2.h0.w20.r1.attempt0.log
tw,100,current,1,9,383.555,/home/wangshaoyan/proJect/C-GpuStreamGraph-CG/logs/performance_matrix_20260912/runs/performance.tw.100k.current.c2.h0.w20.r1.attempt0.log
tw,100,current,2,0,140.138,/home/wangshaoyan/proJect/C-GpuStreamGraph-CG/logs/performance_matrix_20260912/runs/performance.tw.100k.current.c2.h0.w20.r2.attempt0.log
tw,100,current,2,1,146.101,/home/wangshaoyan/proJect/C-GpuStreamGraph-CG/logs/performance_matrix_20260912/runs/performance.tw.100k.current.c2.h0.w20.r2.attempt0.log
tw,100,current,2,2,166.985,/home/wangshaoyan/proJect/C-GpuStreamGraph-CG/logs/performance_matrix_20260912/runs/performance.tw.100k.current.c2.h0.w20.r2.attempt0.log
tw,100,current,2,3,192.211,/home/wangshaoyan/proJect/C-GpuStreamGraph-CG/logs/performance_matrix_20260912/runs/performance.tw.100k.current.c2.h0.w20.r2.attempt0.log
tw,100,current,2,4,298.079,/home/wangshaoyan/proJect/C-GpuStreamGraph-CG/logs/performance_matrix_20260912/runs/performance.tw.100k.current.c2.h0.w20.r2.attempt0.log
tw,100,current,2,5,248.406,/home/wangshaoyan/proJect/C-GpuStreamGraph-CG/logs/performance_matrix_20260912/runs/performance.tw.100k.current.c2.h0.w20.r2.attempt0.log
tw,100,current,2,6,1004.919,/home/wangshaoyan/proJect/C-GpuStreamGraph-CG/logs/performance_matrix_20260912/runs/performance.tw.100k.current.c2.h0.w20.r2.attempt0.log
tw,100,current,2,7,241.972,/home/wangshaoyan/proJect/C-GpuStreamGraph-CG/logs/performance_matrix_20260912/runs/performance.tw.100k.current.c2.h0.w20.r2.attempt0.log
tw,100,current,2,8,326.79,/home/wangshaoyan/proJect/C-GpuStreamGraph-CG/logs/performance_matrix_20260912/runs/performance.tw.100k.current.c2.h0.w20.r2.attempt0.log
tw,100,current,2,9,563.399,/home/wangshaoyan/proJect/C-GpuStreamGraph-CG/logs/performance_matrix_20260912/runs/performance.tw.100k.current.c2.h0.w20.r2.attempt0.log
tw,100,original,0,0,520.065,/home/wangshaoyan/proJect/C-GpuStreamGraph-CG/logs/performance_matrix_20260912/runs/performance.tw.100k.original.c2.h2.w20.r0.attempt0.log
tw,100,original,0,1,482.656,/home/wangshaoyan/proJect/C-GpuStreamGraph-CG/logs/performance_matrix_20260912/runs/performance.tw.100k.original.c2.h2.w20.r0.attempt0.log
tw,100,original,0,2,488.098,/home/wangshaoyan/proJect/C-GpuStreamGraph-CG/logs/performance_matrix_20260912/runs/performance.tw.100k.original.c2.h2.w20.r0.attempt0.log
tw,100,original,0,3,502.12,/home/wangshaoyan/proJect/C-GpuStreamGraph-CG/logs/performance_matrix_20260912/runs/performance.tw.100k.original.c2.h2.w20.r0.attempt0.log
tw,100,original,0,4,562.94,/home/wangshaoyan/proJect/C-GpuStreamGraph-CG/logs/performance_matrix_20260912/runs/performance.tw.100k.original.c2.h2.w20.r0.attempt0.log
tw,100,original,0,5,488.115,/home/wangshaoyan/proJect/C-GpuStreamGraph-CG/logs/performance_matrix_20260912/runs/performance.tw.100k.original.c2.h2.w20.r0.attempt0.log
tw,100,original,0,6,475.368,/home/wangshaoyan/proJect/C-GpuStreamGraph-CG/logs/performance_matrix_20260912/runs/performance.tw.100k.original.c2.h2.w20.r0.attempt0.log
tw,100,original,0,7,500.962,/home/wangshaoyan/proJect/C-GpuStreamGraph-CG/logs/performance_matrix_20260912/runs/performance.tw.100k.original.c2.h2.w20.r0.attempt0.log
tw,100,original,0,8,515.789,/home/wangshaoyan/proJect/C-GpuStreamGraph-CG/logs/performance_matrix_20260912/runs/performance.tw.100k.original.c2.h2.w20.r0.attempt0.log
tw,100,original,0,9,537.997,/home/wangshaoyan/proJect/C-GpuStreamGraph-CG/logs/performance_matrix_20260912/runs/performance.tw.100k.original.c2.h2.w20.r0.attempt0.log
tw,100,original,1,0,526.173,/home/wangshaoyan/proJect/C-GpuStreamGraph-CG/logs/performance_matrix_20260912/runs/performance.tw.100k.original.c2.h2.w20.r1.attempt0.log
tw,100,original,1,1,483.763,/home/wangshaoyan/proJect/C-GpuStreamGraph-CG/logs/performance_matrix_20260912/runs/performance.tw.100k.original.c2.h2.w20.r1.attempt0.log
tw,100,original,1,2,489.875,/home/wangshaoyan/proJect/C-GpuStreamGraph-CG/logs/performance_matrix_20260912/runs/performance.tw.100k.original.c2.h2.w20.r1.attempt0.log
tw,100,original,1,3,499.404,/home/wangshaoyan/proJect/C-GpuStreamGraph-CG/logs/performance_matrix_20260912/runs/performance.tw.100k.original.c2.h2.w20.r1.attempt0.log
tw,100,original,1,4,532.1,/home/wangshaoyan/proJect/C-GpuStreamGraph-CG/logs/performance_matrix_20260912/runs/performance.tw.100k.original.c2.h2.w20.r1.attempt0.log
tw,100,original,1,5,486.175,/home/wangshaoyan/proJect/C-GpuStreamGraph-CG/logs/performance_matrix_20260912/runs/performance.tw.100k.original.c2.h2.w20.r1.attempt0.log
tw,100,original,1,6,471.991,/home/wangshaoyan/proJect/C-GpuStreamGraph-CG/logs/performance_matrix_20260912/runs/performance.tw.100k.original.c2.h2.w20.r1.attempt0.log
tw,100,original,1,7,491.049,/home/wangshaoyan/proJect/C-GpuStreamGraph-CG/logs/performance_matrix_20260912/runs/performance.tw.100k.original.c2.h2.w20.r1.attempt0.log
tw,100,original,1,8,513.486,/home/wangshaoyan/proJect/C-GpuStreamGraph-CG/logs/performance_matrix_20260912/runs/performance.tw.100k.original.c2.h2.w20.r1.attempt0.log
tw,100,original,1,9,534.757,/home/wangshaoyan/proJect/C-GpuStreamGraph-CG/logs/performance_matrix_20260912/runs/performance.tw.100k.original.c2.h2.w20.r1.attempt0.log
tw,100,original,2,0,524.712,/home/wangshaoyan/proJect/C-GpuStreamGraph-CG/logs/performance_matrix_20260912/runs/performance.tw.100k.original.c2.h2.w20.r2.attempt0.log
tw,100,original,2,1,493.564,/home/wangshaoyan/proJect/C-GpuStreamGraph-CG/logs/performance_matrix_20260912/runs/performance.tw.100k.original.c2.h2.w20.r2.attempt0.log
tw,100,original,2,2,493.665,/home/wangshaoyan/proJect/C-GpuStreamGraph-CG/logs/performance_matrix_20260912/runs/performance.tw.100k.original.c2.h2.w20.r2.attempt0.log
tw,100,original,2,3,497.847,/home/wangshaoyan/proJect/C-GpuStreamGraph-CG/logs/performance_matrix_20260912/runs/performance.tw.100k.original.c2.h2.w20.r2.attempt0.log
tw,100,original,2,4,528.93,/home/wangshaoyan/proJect/C-GpuStreamGraph-CG/logs/performance_matrix_20260912/runs/performance.tw.100k.original.c2.h2.w20.r2.attempt0.log
tw,100,original,2,5,488.179,/home/wangshaoyan/proJect/C-GpuStreamGraph-CG/logs/performance_matrix_20260912/runs/performance.tw.100k.original.c2.h2.w20.r2.attempt0.log
tw,100,original,2,6,483.126,/home/wangshaoyan/proJect/C-GpuStreamGraph-CG/logs/performance_matrix_20260912/runs/performance.tw.100k.original.c2.h2.w20.r2.attempt0.log
tw,100,original,2,7,488.881,/home/wangshaoyan/proJect/C-GpuStreamGraph-CG/logs/performance_matrix_20260912/runs/performance.tw.100k.original.c2.h2.w20.r2.attempt0.log
tw,100,original,2,8,517.166,/home/wangshaoyan/proJect/C-GpuStreamGraph-CG/logs/performance_matrix_20260912/runs/performance.tw.100k.original.c2.h2.w20.r2.attempt0.log
tw,100,original,2,9,540.856,/home/wangshaoyan/proJect/C-GpuStreamGraph-CG/logs/performance_matrix_20260912/runs/performance.tw.100k.original.c2.h2.w20.r2.attempt0.log
eu,10,current,0,0,4859.657,/home/wangshaoyan/proJect/C-GpuStreamGraph-CG/logs/performance_matrix_20260912/runs/performance.eu.10k.current.c2.h0.w20.r0.attempt0.log
eu,10,current,0,1,2716.385,/home/wangshaoyan/proJect/C-GpuStreamGraph-CG/logs/performance_matrix_20260912/runs/performance.eu.10k.current.c2.h0.w20.r0.attempt0.log
eu,10,current,0,2,7534.028,/home/wangshaoyan/proJect/C-GpuStreamGraph-CG/logs/performance_matrix_20260912/runs/performance.eu.10k.current.c2.h0.w20.r0.attempt0.log
eu,10,current,0,3,2875.791,/home/wangshaoyan/proJect/C-GpuStreamGraph-CG/logs/performance_matrix_20260912/runs/performance.eu.10k.current.c2.h0.w20.r0.attempt0.log
eu,10,current,0,4,2992.577,/home/wangshaoyan/proJect/C-GpuStreamGraph-CG/logs/performance_matrix_20260912/runs/performance.eu.10k.current.c2.h0.w20.r0.attempt0.log
eu,10,current,0,5,4045.176,/home/wangshaoyan/proJect/C-GpuStreamGraph-CG/logs/performance_matrix_20260912/runs/performance.eu.10k.current.c2.h0.w20.r0.attempt0.log
eu,10,current,0,6,3389.757,/home/wangshaoyan/proJect/C-GpuStreamGraph-CG/logs/performance_matrix_20260912/runs/performance.eu.10k.current.c2.h0.w20.r0.attempt0.log
eu,10,current,0,7,1705.775,/home/wangshaoyan/proJect/C-GpuStreamGraph-CG/logs/performance_matrix_20260912/runs/performance.eu.10k.current.c2.h0.w20.r0.attempt0.log
eu,10,current,0,8,2835.048,/home/wangshaoyan/proJect/C-GpuStreamGraph-CG/logs/performance_matrix_20260912/runs/performance.eu.10k.current.c2.h0.w20.r0.attempt0.log
eu,10,current,0,9,5776.871,/home/wangshaoyan/proJect/C-GpuStreamGraph-CG/logs/performance_matrix_20260912/runs/performance.eu.10k.current.c2.h0.w20.r0.attempt0.log
eu,10,current,1,0,4844.856,/home/wangshaoyan/proJect/C-GpuStreamGraph-CG/logs/performance_matrix_20260912/runs/performance.eu.10k.current.c2.h0.w20.r1.attempt0.log
eu,10,current,1,1,2734.29,/home/wangshaoyan/proJect/C-GpuStreamGraph-CG/logs/performance_matrix_20260912/runs/performance.eu.10k.current.c2.h0.w20.r1.attempt0.log
eu,10,current,1,2,7451.917,/home/wangshaoyan/proJect/C-GpuStreamGraph-CG/logs/performance_matrix_20260912/runs/performance.eu.10k.current.c2.h0.w20.r1.attempt0.log
eu,10,current,1,3,2912.121,/home/wangshaoyan/proJect/C-GpuStreamGraph-CG/logs/performance_matrix_20260912/runs/performance.eu.10k.current.c2.h0.w20.r1.attempt0.log
eu,10,current,1,4,2991.798,/home/wangshaoyan/proJect/C-GpuStreamGraph-CG/logs/performance_matrix_20260912/runs/performance.eu.10k.current.c2.h0.w20.r1.attempt0.log
eu,10,current,1,5,4005.291,/home/wangshaoyan/proJect/C-GpuStreamGraph-CG/logs/performance_matrix_20260912/runs/performance.eu.10k.current.c2.h0.w20.r1.attempt0.log
eu,10,current,1,6,3408.475,/home/wangshaoyan/proJect/C-GpuStreamGraph-CG/logs/performance_matrix_20260912/runs/performance.eu.10k.current.c2.h0.w20.r1.attempt0.log
eu,10,current,1,7,1732.017,/home/wangshaoyan/proJect/C-GpuStreamGraph-CG/logs/performance_matrix_20260912/runs/performance.eu.10k.current.c2.h0.w20.r1.attempt0.log
eu,10,current,1,8,2778.465,/home/wangshaoyan/proJect/C-GpuStreamGraph-CG/logs/performance_matrix_20260912/runs/performance.eu.10k.current.c2.h0.w20.r1.attempt0.log
eu,10,current,1,9,5666.762,/home/wangshaoyan/proJect/C-GpuStreamGraph-CG/logs/performance_matrix_20260912/runs/performance.eu.10k.current.c2.h0.w20.r1.attempt0.log
eu,10,current,2,0,5329.454,/home/wangshaoyan/proJect/C-GpuStreamGraph-CG/logs/performance_matrix_20260912/runs/performance.eu.10k.current.c2.h0.w20.r2.attempt0.log
eu,10,current,2,1,3004.143,/home/wangshaoyan/proJect/C-GpuStreamGraph-CG/logs/performance_matrix_20260912/runs/performance.eu.10k.current.c2.h0.w20.r2.attempt0.log
eu,10,current,2,2,8914.6,/home/wangshaoyan/proJect/C-GpuStreamGraph-CG/logs/performance_matrix_20260912/runs/performance.eu.10k.current.c2.h0.w20.r2.attempt0.log
eu,10,current,2,3,3230.765,/home/wangshaoyan/proJect/C-GpuStreamGraph-CG/logs/performance_matrix_20260912/runs/performance.eu.10k.current.c2.h0.w20.r2.attempt0.log
eu,10,current,2,4,3373.298,/home/wangshaoyan/proJect/C-GpuStreamGraph-CG/logs/performance_matrix_20260912/runs/performance.eu.10k.current.c2.h0.w20.r2.attempt0.log
eu,10,current,2,5,4580.877,/home/wangshaoyan/proJect/C-GpuStreamGraph-CG/logs/performance_matrix_20260912/runs/performance.eu.10k.current.c2.h0.w20.r2.attempt0.log
eu,10,current,2,6,3706.466,/home/wangshaoyan/proJect/C-GpuStreamGraph-CG/logs/performance_matrix_20260912/runs/performance.eu.10k.current.c2.h0.w20.r2.attempt0.log
eu,10,current,2,7,1783.049,/home/wangshaoyan/proJect/C-GpuStreamGraph-CG/logs/performance_matrix_20260912/runs/performance.eu.10k.current.c2.h0.w20.r2.attempt0.log
eu,10,current,2,8,2888.995,/home/wangshaoyan/proJect/C-GpuStreamGraph-CG/logs/performance_matrix_20260912/runs/performance.eu.10k.current.c2.h0.w20.r2.attempt0.log
eu,10,current,2,9,5950.685,/home/wangshaoyan/proJect/C-GpuStreamGraph-CG/logs/performance_matrix_20260912/runs/performance.eu.10k.current.c2.h0.w20.r2.attempt0.log
eu,10,original,0,0,104311.588,/home/wangshaoyan/proJect/C-GpuStreamGraph-CG/logs/performance_matrix_20260912/runs/performance.eu.10k.original.c2.h1.w20.r0.attempt0.log
eu,10,original,0,1,75916.217,/home/wangshaoyan/proJect/C-GpuStreamGraph-CG/logs/performance_matrix_20260912/runs/performance.eu.10k.original.c2.h1.w20.r0.attempt0.log
eu,10,original,0,2,35179.365,/home/wangshaoyan/proJect/C-GpuStreamGraph-CG/logs/performance_matrix_20260912/runs/performance.eu.10k.original.c2.h1.w20.r0.attempt0.log
eu,10,original,0,3,75230.986,/home/wangshaoyan/proJect/C-GpuStreamGraph-CG/logs/performance_matrix_20260912/runs/performance.eu.10k.original.c2.h1.w20.r0.attempt0.log
eu,10,original,0,4,61996.845,/home/wangshaoyan/proJect/C-GpuStreamGraph-CG/logs/performance_matrix_20260912/runs/performance.eu.10k.original.c2.h1.w20.r0.attempt0.log
eu,10,original,0,5,67287.971,/home/wangshaoyan/proJect/C-GpuStreamGraph-CG/logs/performance_matrix_20260912/runs/performance.eu.10k.original.c2.h1.w20.r0.attempt0.log
eu,10,original,0,6,72032.544,/home/wangshaoyan/proJect/C-GpuStreamGraph-CG/logs/performance_matrix_20260912/runs/performance.eu.10k.original.c2.h1.w20.r0.attempt0.log
eu,10,original,0,7,30855.413,/home/wangshaoyan/proJect/C-GpuStreamGraph-CG/logs/performance_matrix_20260912/runs/performance.eu.10k.original.c2.h1.w20.r0.attempt0.log
eu,10,original,0,8,46294.6,/home/wangshaoyan/proJect/C-GpuStreamGraph-CG/logs/performance_matrix_20260912/runs/performance.eu.10k.original.c2.h1.w20.r0.attempt0.log
eu,10,original,0,9,70029.719,/home/wangshaoyan/proJect/C-GpuStreamGraph-CG/logs/performance_matrix_20260912/runs/performance.eu.10k.original.c2.h1.w20.r0.attempt0.log
eu,10,original,1,0,109671.588,/home/wangshaoyan/proJect/C-GpuStreamGraph-CG/logs/performance_matrix_20260912/runs/performance.eu.10k.original.c2.h1.w20.r1.attempt0.log
eu,10,original,1,1,80327.266,/home/wangshaoyan/proJect/C-GpuStreamGraph-CG/logs/performance_matrix_20260912/runs/performance.eu.10k.original.c2.h1.w20.r1.attempt0.log
eu,10,original,1,2,37792.742,/home/wangshaoyan/proJect/C-GpuStreamGraph-CG/logs/performance_matrix_20260912/runs/performance.eu.10k.original.c2.h1.w20.r1.attempt0.log
eu,10,original,1,3,79364.105,/home/wangshaoyan/proJect/C-GpuStreamGraph-CG/logs/performance_matrix_20260912/runs/performance.eu.10k.original.c2.h1.w20.r1.attempt0.log
eu,10,original,1,4,65944.634,/home/wangshaoyan/proJect/C-GpuStreamGraph-CG/logs/performance_matrix_20260912/runs/performance.eu.10k.original.c2.h1.w20.r1.attempt0.log
eu,10,original,1,5,70892.257,/home/wangshaoyan/proJect/C-GpuStreamGraph-CG/logs/performance_matrix_20260912/runs/performance.eu.10k.original.c2.h1.w20.r1.attempt0.log
eu,10,original,1,6,75817.269,/home/wangshaoyan/proJect/C-GpuStreamGraph-CG/logs/performance_matrix_20260912/runs/performance.eu.10k.original.c2.h1.w20.r1.attempt0.log
eu,10,original,1,7,32136.296,/home/wangshaoyan/proJect/C-GpuStreamGraph-CG/logs/performance_matrix_20260912/runs/performance.eu.10k.original.c2.h1.w20.r1.attempt0.log
eu,10,original,1,8,48457.572,/home/wangshaoyan/proJect/C-GpuStreamGraph-CG/logs/performance_matrix_20260912/runs/performance.eu.10k.original.c2.h1.w20.r1.attempt0.log
eu,10,original,1,9,73301.769,/home/wangshaoyan/proJect/C-GpuStreamGraph-CG/logs/performance_matrix_20260912/runs/performance.eu.10k.original.c2.h1.w20.r1.attempt0.log
eu,10,original,2,0,103890.506,/home/wangshaoyan/proJect/C-GpuStreamGraph-CG/logs/performance_matrix_20260912/runs/performance.eu.10k.original.c2.h1.w20.r2.attempt0.log
eu,10,original,2,1,75624.805,/home/wangshaoyan/proJect/C-GpuStreamGraph-CG/logs/performance_matrix_20260912/runs/performance.eu.10k.original.c2.h1.w20.r2.attempt0.log
eu,10,original,2,2,35144.174,/home/wangshaoyan/proJect/C-GpuStreamGraph-CG/logs/performance_matrix_20260912/runs/performance.eu.10k.original.c2.h1.w20.r2.attempt0.log
eu,10,original,2,3,75143.618,/home/wangshaoyan/proJect/C-GpuStreamGraph-CG/logs/performance_matrix_20260912/runs/performance.eu.10k.original.c2.h1.w20.r2.attempt0.log
eu,10,original,2,4,61898.542,/home/wangshaoyan/proJect/C-GpuStreamGraph-CG/logs/performance_matrix_20260912/runs/performance.eu.10k.original.c2.h1.w20.r2.attempt0.log
eu,10,original,2,5,67124.137,/home/wangshaoyan/proJect/C-GpuStreamGraph-CG/logs/performance_matrix_20260912/runs/performance.eu.10k.original.c2.h1.w20.r2.attempt0.log
eu,10,original,2,6,71892.415,/home/wangshaoyan/proJect/C-GpuStreamGraph-CG/logs/performance_matrix_20260912/runs/performance.eu.10k.original.c2.h1.w20.r2.attempt0.log
eu,10,original,2,7,30831.452,/home/wangshaoyan/proJect/C-GpuStreamGraph-CG/logs/performance_matrix_20260912/runs/performance.eu.10k.original.c2.h1.w20.r2.attempt0.log
eu,10,original,2,8,46241.705,/home/wangshaoyan/proJect/C-GpuStreamGraph-CG/logs/performance_matrix_20260912/runs/performance.eu.10k.original.c2.h1.w20.r2.attempt0.log
eu,10,original,2,9,69635.918,/home/wangshaoyan/proJect/C-GpuStreamGraph-CG/logs/performance_matrix_20260912/runs/performance.eu.10k.original.c2.h1.w20.r2.attempt0.log
eu,100,current,0,0,20440.289,/home/wangshaoyan/proJect/C-GpuStreamGraph-CG/logs/performance_matrix_20260912/runs/performance.eu.100k.current.c2.h0.w20.r0.attempt0.log
eu,100,current,0,1,13272.199,/home/wangshaoyan/proJect/C-GpuStreamGraph-CG/logs/performance_matrix_20260912/runs/performance.eu.100k.current.c2.h0.w20.r0.attempt0.log
eu,100,current,0,2,14428.966,/home/wangshaoyan/proJect/C-GpuStreamGraph-CG/logs/performance_matrix_20260912/runs/performance.eu.100k.current.c2.h0.w20.r0.attempt0.log
eu,100,current,0,3,21434.517,/home/wangshaoyan/proJect/C-GpuStreamGraph-CG/logs/performance_matrix_20260912/runs/performance.eu.100k.current.c2.h0.w20.r0.attempt0.log
eu,100,current,0,4,16473.627,/home/wangshaoyan/proJect/C-GpuStreamGraph-CG/logs/performance_matrix_20260912/runs/performance.eu.100k.current.c2.h0.w20.r0.attempt0.log
eu,100,current,0,5,13141.568,/home/wangshaoyan/proJect/C-GpuStreamGraph-CG/logs/performance_matrix_20260912/runs/performance.eu.100k.current.c2.h0.w20.r0.attempt0.log
eu,100,current,0,6,14910.046,/home/wangshaoyan/proJect/C-GpuStreamGraph-CG/logs/performance_matrix_20260912/runs/performance.eu.100k.current.c2.h0.w20.r0.attempt0.log
eu,100,current,0,7,18562.821,/home/wangshaoyan/proJect/C-GpuStreamGraph-CG/logs/performance_matrix_20260912/runs/performance.eu.100k.current.c2.h0.w20.r0.attempt0.log
eu,100,current,0,8,19975.223,/home/wangshaoyan/proJect/C-GpuStreamGraph-CG/logs/performance_matrix_20260912/runs/performance.eu.100k.current.c2.h0.w20.r0.attempt0.log
eu,100,current,0,9,19234.892,/home/wangshaoyan/proJect/C-GpuStreamGraph-CG/logs/performance_matrix_20260912/runs/performance.eu.100k.current.c2.h0.w20.r0.attempt0.log
eu,100,current,1,0,20357.067,/home/wangshaoyan/proJect/C-GpuStreamGraph-CG/logs/performance_matrix_20260912/runs/performance.eu.100k.current.c2.h0.w20.r1.attempt0.log
eu,100,current,1,1,13259.641,/home/wangshaoyan/proJect/C-GpuStreamGraph-CG/logs/performance_matrix_20260912/runs/performance.eu.100k.current.c2.h0.w20.r1.attempt0.log
eu,100,current,1,2,14310.122,/home/wangshaoyan/proJect/C-GpuStreamGraph-CG/logs/performance_matrix_20260912/runs/performance.eu.100k.current.c2.h0.w20.r1.attempt0.log
eu,100,current,1,3,21450.764,/home/wangshaoyan/proJect/C-GpuStreamGraph-CG/logs/performance_matrix_20260912/runs/performance.eu.100k.current.c2.h0.w20.r1.attempt0.log
eu,100,current,1,4,16736.286,/home/wangshaoyan/proJect/C-GpuStreamGraph-CG/logs/performance_matrix_20260912/runs/performance.eu.100k.current.c2.h0.w20.r1.attempt0.log
eu,100,current,1,5,13072.314,/home/wangshaoyan/proJect/C-GpuStreamGraph-CG/logs/performance_matrix_20260912/runs/performance.eu.100k.current.c2.h0.w20.r1.attempt0.log
eu,100,current,1,6,14959.347,/home/wangshaoyan/proJect/C-GpuStreamGraph-CG/logs/performance_matrix_20260912/runs/performance.eu.100k.current.c2.h0.w20.r1.attempt0.log
eu,100,current,1,7,18143.463,/home/wangshaoyan/proJect/C-GpuStreamGraph-CG/logs/performance_matrix_20260912/runs/performance.eu.100k.current.c2.h0.w20.r1.attempt0.log
eu,100,current,1,8,20003.747,/home/wangshaoyan/proJect/C-GpuStreamGraph-CG/logs/performance_matrix_20260912/runs/performance.eu.100k.current.c2.h0.w20.r1.attempt0.log
eu,100,current,1,9,19521.533,/home/wangshaoyan/proJect/C-GpuStreamGraph-CG/logs/performance_matrix_20260912/runs/performance.eu.100k.current.c2.h0.w20.r1.attempt0.log
eu,100,current,2,0,20919.481,/home/wangshaoyan/proJect/C-GpuStreamGraph-CG/logs/performance_matrix_20260912/runs/performance.eu.100k.current.c2.h0.w20.r2.attempt0.log
eu,100,current,2,1,13512.679,/home/wangshaoyan/proJect/C-GpuStreamGraph-CG/logs/performance_matrix_20260912/runs/performance.eu.100k.current.c2.h0.w20.r2.attempt0.log
eu,100,current,2,2,14444.841,/home/wangshaoyan/proJect/C-GpuStreamGraph-CG/logs/performance_matrix_20260912/runs/performance.eu.100k.current.c2.h0.w20.r2.attempt0.log
eu,100,current,2,3,21671.64,/home/wangshaoyan/proJect/C-GpuStreamGraph-CG/logs/performance_matrix_20260912/runs/performance.eu.100k.current.c2.h0.w20.r2.attempt0.log
eu,100,current,2,4,16749.806,/home/wangshaoyan/proJect/C-GpuStreamGraph-CG/logs/performance_matrix_20260912/runs/performance.eu.100k.current.c2.h0.w20.r2.attempt0.log
eu,100,current,2,5,13229.392,/home/wangshaoyan/proJect/C-GpuStreamGraph-CG/logs/performance_matrix_20260912/runs/performance.eu.100k.current.c2.h0.w20.r2.attempt0.log
eu,100,current,2,6,14934.968,/home/wangshaoyan/proJect/C-GpuStreamGraph-CG/logs/performance_matrix_20260912/runs/performance.eu.100k.current.c2.h0.w20.r2.attempt0.log
eu,100,current,2,7,18377.526,/home/wangshaoyan/proJect/C-GpuStreamGraph-CG/logs/performance_matrix_20260912/runs/performance.eu.100k.current.c2.h0.w20.r2.attempt0.log
eu,100,current,2,8,19723.392,/home/wangshaoyan/proJect/C-GpuStreamGraph-CG/logs/performance_matrix_20260912/runs/performance.eu.100k.current.c2.h0.w20.r2.attempt0.log
eu,100,current,2,9,19473.697,/home/wangshaoyan/proJect/C-GpuStreamGraph-CG/logs/performance_matrix_20260912/runs/performance.eu.100k.current.c2.h0.w20.r2.attempt0.log
eu,100,original,0,0,119304.867,/home/wangshaoyan/proJect/C-GpuStreamGraph-CG/logs/performance_matrix_20260912/runs/performance.eu.100k.original.c2.h1.w20.r0.attempt0.log
eu,100,original,0,1,96312.271,/home/wangshaoyan/proJect/C-GpuStreamGraph-CG/logs/performance_matrix_20260912/runs/performance.eu.100k.original.c2.h1.w20.r0.attempt0.log
eu,100,original,0,2,87692.597,/home/wangshaoyan/proJect/C-GpuStreamGraph-CG/logs/performance_matrix_20260912/runs/performance.eu.100k.original.c2.h1.w20.r0.attempt0.log
eu,100,original,0,3,100286.122,/home/wangshaoyan/proJect/C-GpuStreamGraph-CG/logs/performance_matrix_20260912/runs/performance.eu.100k.original.c2.h1.w20.r0.attempt0.log
eu,100,original,0,4,61820.154,/home/wangshaoyan/proJect/C-GpuStreamGraph-CG/logs/performance_matrix_20260912/runs/performance.eu.100k.original.c2.h1.w20.r0.attempt0.log
eu,100,original,0,5,64624.072,/home/wangshaoyan/proJect/C-GpuStreamGraph-CG/logs/performance_matrix_20260912/runs/performance.eu.100k.original.c2.h1.w20.r0.attempt0.log
eu,100,original,0,6,93823.768,/home/wangshaoyan/proJect/C-GpuStreamGraph-CG/logs/performance_matrix_20260912/runs/performance.eu.100k.original.c2.h1.w20.r0.attempt0.log
eu,100,original,0,7,82712.18,/home/wangshaoyan/proJect/C-GpuStreamGraph-CG/logs/performance_matrix_20260912/runs/performance.eu.100k.original.c2.h1.w20.r0.attempt0.log
eu,100,original,0,8,64545.096,/home/wangshaoyan/proJect/C-GpuStreamGraph-CG/logs/performance_matrix_20260912/runs/performance.eu.100k.original.c2.h1.w20.r0.attempt0.log
eu,100,original,0,9,70852.036,/home/wangshaoyan/proJect/C-GpuStreamGraph-CG/logs/performance_matrix_20260912/runs/performance.eu.100k.original.c2.h1.w20.r0.attempt0.log
eu,100,original,1,0,119315.781,/home/wangshaoyan/proJect/C-GpuStreamGraph-CG/logs/performance_matrix_20260912/runs/performance.eu.100k.original.c2.h1.w20.r1.attempt0.log
eu,100,original,1,1,96427.817,/home/wangshaoyan/proJect/C-GpuStreamGraph-CG/logs/performance_matrix_20260912/runs/performance.eu.100k.original.c2.h1.w20.r1.attempt0.log
eu,100,original,1,2,87728.245,/home/wangshaoyan/proJect/C-GpuStreamGraph-CG/logs/performance_matrix_20260912/runs/performance.eu.100k.original.c2.h1.w20.r1.attempt0.log
eu,100,original,1,3,100369.064,/home/wangshaoyan/proJect/C-GpuStreamGraph-CG/logs/performance_matrix_20260912/runs/performance.eu.100k.original.c2.h1.w20.r1.attempt0.log
eu,100,original,1,4,61714.374,/home/wangshaoyan/proJect/C-GpuStreamGraph-CG/logs/performance_matrix_20260912/runs/performance.eu.100k.original.c2.h1.w20.r1.attempt0.log
eu,100,original,1,5,64562.85,/home/wangshaoyan/proJect/C-GpuStreamGraph-CG/logs/performance_matrix_20260912/runs/performance.eu.100k.original.c2.h1.w20.r1.attempt0.log
eu,100,original,1,6,93749.247,/home/wangshaoyan/proJect/C-GpuStreamGraph-CG/logs/performance_matrix_20260912/runs/performance.eu.100k.original.c2.h1.w20.r1.attempt0.log
eu,100,original,1,7,82625.73,/home/wangshaoyan/proJect/C-GpuStreamGraph-CG/logs/performance_matrix_20260912/runs/performance.eu.100k.original.c2.h1.w20.r1.attempt0.log
eu,100,original,1,8,64620.866,/home/wangshaoyan/proJect/C-GpuStreamGraph-CG/logs/performance_matrix_20260912/runs/performance.eu.100k.original.c2.h1.w20.r1.attempt0.log
eu,100,original,1,9,70869.029,/home/wangshaoyan/proJect/C-GpuStreamGraph-CG/logs/performance_matrix_20260912/runs/performance.eu.100k.original.c2.h1.w20.r1.attempt0.log
eu,100,original,2,0,119212.497,/home/wangshaoyan/proJect/C-GpuStreamGraph-CG/logs/performance_matrix_20260912/runs/performance.eu.100k.original.c2.h1.w20.r2.attempt0.log
eu,100,original,2,1,96266.163,/home/wangshaoyan/proJect/C-GpuStreamGraph-CG/logs/performance_matrix_20260912/runs/performance.eu.100k.original.c2.h1.w20.r2.attempt0.log
eu,100,original,2,2,87664.556,/home/wangshaoyan/proJect/C-GpuStreamGraph-CG/logs/performance_matrix_20260912/runs/performance.eu.100k.original.c2.h1.w20.r2.attempt0.log
eu,100,original,2,3,100283.623,/home/wangshaoyan/proJect/C-GpuStreamGraph-CG/logs/performance_matrix_20260912/runs/performance.eu.100k.original.c2.h1.w20.r2.attempt0.log
eu,100,original,2,4,61743.186,/home/wangshaoyan/proJect/C-GpuStreamGraph-CG/logs/performance_matrix_20260912/runs/performance.eu.100k.original.c2.h1.w20.r2.attempt0.log
eu,100,original,2,5,64285.469,/home/wangshaoyan/proJect/C-GpuStreamGraph-CG/logs/performance_matrix_20260912/runs/performance.eu.100k.original.c2.h1.w20.r2.attempt0.log
eu,100,original,2,6,93386.754,/home/wangshaoyan/proJect/C-GpuStreamGraph-CG/logs/performance_matrix_20260912/runs/performance.eu.100k.original.c2.h1.w20.r2.attempt0.log
eu,100,original,2,7,82446.378,/home/wangshaoyan/proJect/C-GpuStreamGraph-CG/logs/performance_matrix_20260912/runs/performance.eu.100k.original.c2.h1.w20.r2.attempt0.log
eu,100,original,2,8,64439.34,/home/wangshaoyan/proJect/C-GpuStreamGraph-CG/logs/performance_matrix_20260912/runs/performance.eu.100k.original.c2.h1.w20.r2.attempt0.log
eu,100,original,2,9,70714.805,/home/wangshaoyan/proJect/C-GpuStreamGraph-CG/logs/performance_matrix_20260912/runs/performance.eu.100k.original.c2.h1.w20.r2.attempt0.log
eu,1000,current,0,0,98378.305,/home/wangshaoyan/proJect/C-GpuStreamGraph-CG/logs/performance_matrix_20260912/runs/performance.eu.1000k.current.c2.h0.w20.r0.attempt0.log
eu,1000,current,0,1,114897.92,/home/wangshaoyan/proJect/C-GpuStreamGraph-CG/logs/performance_matrix_20260912/runs/performance.eu.1000k.current.c2.h0.w20.r0.attempt0.log
eu,1000,current,0,2,127427.793,/home/wangshaoyan/proJect/C-GpuStreamGraph-CG/logs/performance_matrix_20260912/runs/performance.eu.1000k.current.c2.h0.w20.r0.attempt0.log
eu,1000,current,0,3,120751.438,/home/wangshaoyan/proJect/C-GpuStreamGraph-CG/logs/performance_matrix_20260912/runs/performance.eu.1000k.current.c2.h0.w20.r0.attempt0.log
eu,1000,current,0,4,140446.964,/home/wangshaoyan/proJect/C-GpuStreamGraph-CG/logs/performance_matrix_20260912/runs/performance.eu.1000k.current.c2.h0.w20.r0.attempt0.log
eu,1000,current,0,5,111350.654,/home/wangshaoyan/proJect/C-GpuStreamGraph-CG/logs/performance_matrix_20260912/runs/performance.eu.1000k.current.c2.h0.w20.r0.attempt0.log
eu,1000,current,0,6,104906.022,/home/wangshaoyan/proJect/C-GpuStreamGraph-CG/logs/performance_matrix_20260912/runs/performance.eu.1000k.current.c2.h0.w20.r0.attempt0.log
eu,1000,current,0,7,120050.134,/home/wangshaoyan/proJect/C-GpuStreamGraph-CG/logs/performance_matrix_20260912/runs/performance.eu.1000k.current.c2.h0.w20.r0.attempt0.log
eu,1000,current,0,8,124446.525,/home/wangshaoyan/proJect/C-GpuStreamGraph-CG/logs/performance_matrix_20260912/runs/performance.eu.1000k.current.c2.h0.w20.r0.attempt0.log
eu,1000,current,0,9,121797.635,/home/wangshaoyan/proJect/C-GpuStreamGraph-CG/logs/performance_matrix_20260912/runs/performance.eu.1000k.current.c2.h0.w20.r0.attempt0.log
eu,1000,current,1,0,102636.665,/home/wangshaoyan/proJect/C-GpuStreamGraph-CG/logs/performance_matrix_20260912/runs/performance.eu.1000k.current.c2.h0.w20.r1.attempt0.log
eu,1000,current,1,1,116033.794,/home/wangshaoyan/proJect/C-GpuStreamGraph-CG/logs/performance_matrix_20260912/runs/performance.eu.1000k.current.c2.h0.w20.r1.attempt0.log
eu,1000,current,1,2,127633.031,/home/wangshaoyan/proJect/C-GpuStreamGraph-CG/logs/performance_matrix_20260912/runs/performance.eu.1000k.current.c2.h0.w20.r1.attempt0.log
eu,1000,current,1,3,120442.1,/home/wangshaoyan/proJect/C-GpuStreamGraph-CG/logs/performance_matrix_20260912/runs/performance.eu.1000k.current.c2.h0.w20.r1.attempt0.log
eu,1000,current,1,4,139630.864,/home/wangshaoyan/proJect/C-GpuStreamGraph-CG/logs/performance_matrix_20260912/runs/performance.eu.1000k.current.c2.h0.w20.r1.attempt0.log
eu,1000,current,1,5,111630.407,/home/wangshaoyan/proJect/C-GpuStreamGraph-CG/logs/performance_matrix_20260912/runs/performance.eu.1000k.current.c2.h0.w20.r1.attempt0.log
eu,1000,current,1,6,105247.504,/home/wangshaoyan/proJect/C-GpuStreamGraph-CG/logs/performance_matrix_20260912/runs/performance.eu.1000k.current.c2.h0.w20.r1.attempt0.log
eu,1000,current,1,7,119905.221,/home/wangshaoyan/proJect/C-GpuStreamGraph-CG/logs/performance_matrix_20260912/runs/performance.eu.1000k.current.c2.h0.w20.r1.attempt0.log
eu,1000,current,1,8,123979.351,/home/wangshaoyan/proJect/C-GpuStreamGraph-CG/logs/performance_matrix_20260912/runs/performance.eu.1000k.current.c2.h0.w20.r1.attempt0.log
eu,1000,current,1,9,122163.15,/home/wangshaoyan/proJect/C-GpuStreamGraph-CG/logs/performance_matrix_20260912/runs/performance.eu.1000k.current.c2.h0.w20.r1.attempt0.log
eu,1000,current,2,0,100163.291,/home/wangshaoyan/proJect/C-GpuStreamGraph-CG/logs/performance_matrix_20260912/runs/performance.eu.1000k.current.c2.h0.w20.r2.attempt0.log
eu,1000,current,2,1,116329.407,/home/wangshaoyan/proJect/C-GpuStreamGraph-CG/logs/performance_matrix_20260912/runs/performance.eu.1000k.current.c2.h0.w20.r2.attempt0.log
eu,1000,current,2,2,129352.318,/home/wangshaoyan/proJect/C-GpuStreamGraph-CG/logs/performance_matrix_20260912/runs/performance.eu.1000k.current.c2.h0.w20.r2.attempt0.log
eu,1000,current,2,3,123014.374,/home/wangshaoyan/proJect/C-GpuStreamGraph-CG/logs/performance_matrix_20260912/runs/performance.eu.1000k.current.c2.h0.w20.r2.attempt0.log
eu,1000,current,2,4,141069.448,/home/wangshaoyan/proJect/C-GpuStreamGraph-CG/logs/performance_matrix_20260912/runs/performance.eu.1000k.current.c2.h0.w20.r2.attempt0.log
eu,1000,current,2,5,112740.841,/home/wangshaoyan/proJect/C-GpuStreamGraph-CG/logs/performance_matrix_20260912/runs/performance.eu.1000k.current.c2.h0.w20.r2.attempt0.log
eu,1000,current,2,6,106322.135,/home/wangshaoyan/proJect/C-GpuStreamGraph-CG/logs/performance_matrix_20260912/runs/performance.eu.1000k.current.c2.h0.w20.r2.attempt0.log
eu,1000,current,2,7,122145.062,/home/wangshaoyan/proJect/C-GpuStreamGraph-CG/logs/performance_matrix_20260912/runs/performance.eu.1000k.current.c2.h0.w20.r2.attempt0.log
eu,1000,current,2,8,125679.784,/home/wangshaoyan/proJect/C-GpuStreamGraph-CG/logs/performance_matrix_20260912/runs/performance.eu.1000k.current.c2.h0.w20.r2.attempt0.log
eu,1000,current,2,9,122789.849,/home/wangshaoyan/proJect/C-GpuStreamGraph-CG/logs/performance_matrix_20260912/runs/performance.eu.1000k.current.c2.h0.w20.r2.attempt0.log
eu,1000,original,0,0,125342.626,/home/wangshaoyan/proJect/C-GpuStreamGraph-CG/logs/performance_matrix_20260912/runs/performance.eu.1000k.original.c2.h1.w20.r0.attempt0.log
eu,1000,original,0,1,100969.926,/home/wangshaoyan/proJect/C-GpuStreamGraph-CG/logs/performance_matrix_20260912/runs/performance.eu.1000k.original.c2.h1.w20.r0.attempt0.log
eu,1000,original,0,2,72516.356,/home/wangshaoyan/proJect/C-GpuStreamGraph-CG/logs/performance_matrix_20260912/runs/performance.eu.1000k.original.c2.h1.w20.r0.attempt0.log
eu,1000,original,0,3,76424.69,/home/wangshaoyan/proJect/C-GpuStreamGraph-CG/logs/performance_matrix_20260912/runs/performance.eu.1000k.original.c2.h1.w20.r0.attempt0.log
eu,1000,original,0,4,81299.187,/home/wangshaoyan/proJect/C-GpuStreamGraph-CG/logs/performance_matrix_20260912/runs/performance.eu.1000k.original.c2.h1.w20.r0.attempt0.log
eu,1000,original,0,5,71412.957,/home/wangshaoyan/proJect/C-GpuStreamGraph-CG/logs/performance_matrix_20260912/runs/performance.eu.1000k.original.c2.h1.w20.r0.attempt0.log
eu,1000,original,0,6,61747.47,/home/wangshaoyan/proJect/C-GpuStreamGraph-CG/logs/performance_matrix_20260912/runs/performance.eu.1000k.original.c2.h1.w20.r0.attempt0.log
eu,1000,original,0,7,75225.848,/home/wangshaoyan/proJect/C-GpuStreamGraph-CG/logs/performance_matrix_20260912/runs/performance.eu.1000k.original.c2.h1.w20.r0.attempt0.log
eu,1000,original,0,8,52651.497,/home/wangshaoyan/proJect/C-GpuStreamGraph-CG/logs/performance_matrix_20260912/runs/performance.eu.1000k.original.c2.h1.w20.r0.attempt0.log
eu,1000,original,0,9,65469.079,/home/wangshaoyan/proJect/C-GpuStreamGraph-CG/logs/performance_matrix_20260912/runs/performance.eu.1000k.original.c2.h1.w20.r0.attempt0.log
eu,1000,original,1,0,128804.866,/home/wangshaoyan/proJect/C-GpuStreamGraph-CG/logs/performance_matrix_20260912/runs/performance.eu.1000k.original.c2.h1.w20.r1.attempt0.log
eu,1000,original,1,1,103762.313,/home/wangshaoyan/proJect/C-GpuStreamGraph-CG/logs/performance_matrix_20260912/runs/performance.eu.1000k.original.c2.h1.w20.r1.attempt0.log
eu,1000,original,1,2,75535.759,/home/wangshaoyan/proJect/C-GpuStreamGraph-CG/logs/performance_matrix_20260912/runs/performance.eu.1000k.original.c2.h1.w20.r1.attempt0.log
eu,1000,original,1,3,79188.325,/home/wangshaoyan/proJect/C-GpuStreamGraph-CG/logs/performance_matrix_20260912/runs/performance.eu.1000k.original.c2.h1.w20.r1.attempt0.log
eu,1000,original,1,4,83718.255,/home/wangshaoyan/proJect/C-GpuStreamGraph-CG/logs/performance_matrix_20260912/runs/performance.eu.1000k.original.c2.h1.w20.r1.attempt0.log
eu,1000,original,1,5,73746.072,/home/wangshaoyan/proJect/C-GpuStreamGraph-CG/logs/performance_matrix_20260912/runs/performance.eu.1000k.original.c2.h1.w20.r1.attempt0.log
eu,1000,original,1,6,63476.904,/home/wangshaoyan/proJect/C-GpuStreamGraph-CG/logs/performance_matrix_20260912/runs/performance.eu.1000k.original.c2.h1.w20.r1.attempt0.log
eu,1000,original,1,7,77724.884,/home/wangshaoyan/proJect/C-GpuStreamGraph-CG/logs/performance_matrix_20260912/runs/performance.eu.1000k.original.c2.h1.w20.r1.attempt0.log
eu,1000,original,1,8,54391.919,/home/wangshaoyan/proJect/C-GpuStreamGraph-CG/logs/performance_matrix_20260912/runs/performance.eu.1000k.original.c2.h1.w20.r1.attempt0.log
eu,1000,original,1,9,67567.636,/home/wangshaoyan/proJect/C-GpuStreamGraph-CG/logs/performance_matrix_20260912/runs/performance.eu.1000k.original.c2.h1.w20.r1.attempt0.log
eu,1000,original,2,0,125196.33,/home/wangshaoyan/proJect/C-GpuStreamGraph-CG/logs/performance_matrix_20260912/runs/performance.eu.1000k.original.c2.h1.w20.r2.attempt0.log
eu,1000,original,2,1,100838.678,/home/wangshaoyan/proJect/C-GpuStreamGraph-CG/logs/performance_matrix_20260912/runs/performance.eu.1000k.original.c2.h1.w20.r2.attempt0.log
eu,1000,original,2,2,72587.799,/home/wangshaoyan/proJect/C-GpuStreamGraph-CG/logs/performance_matrix_20260912/runs/performance.eu.1000k.original.c2.h1.w20.r2.attempt0.log
eu,1000,original,2,3,76497.821,/home/wangshaoyan/proJect/C-GpuStreamGraph-CG/logs/performance_matrix_20260912/runs/performance.eu.1000k.original.c2.h1.w20.r2.attempt0.log
eu,1000,original,2,4,81255.876,/home/wangshaoyan/proJect/C-GpuStreamGraph-CG/logs/performance_matrix_20260912/runs/performance.eu.1000k.original.c2.h1.w20.r2.attempt0.log
eu,1000,original,2,5,71561.179,/home/wangshaoyan/proJect/C-GpuStreamGraph-CG/logs/performance_matrix_20260912/runs/performance.eu.1000k.original.c2.h1.w20.r2.attempt0.log
eu,1000,original,2,6,61597.309,/home/wangshaoyan/proJect/C-GpuStreamGraph-CG/logs/performance_matrix_20260912/runs/performance.eu.1000k.original.c2.h1.w20.r2.attempt0.log
eu,1000,original,2,7,75247.682,/home/wangshaoyan/proJect/C-GpuStreamGraph-CG/logs/performance_matrix_20260912/runs/performance.eu.1000k.original.c2.h1.w20.r2.attempt0.log
eu,1000,original,2,8,52659.714,/home/wangshaoyan/proJect/C-GpuStreamGraph-CG/logs/performance_matrix_20260912/runs/performance.eu.1000k.original.c2.h1.w20.r2.attempt0.log
eu,1000,original,2,9,65410.76,/home/wangshaoyan/proJect/C-GpuStreamGraph-CG/logs/performance_matrix_20260912/runs/performance.eu.1000k.original.c2.h1.w20.r2.attempt0.log
usa,10,current,0,0,2171.653,/home/wangshaoyan/proJect/C-GpuStreamGraph-CG/logs/performance_matrix_20260912/runs/performance.usa.10k.current.c2.h2.w20.r0.attempt0.log
usa,10,current,0,1,1410.728,/home/wangshaoyan/proJect/C-GpuStreamGraph-CG/logs/performance_matrix_20260912/runs/performance.usa.10k.current.c2.h2.w20.r0.attempt0.log
usa,10,current,0,2,2030.526,/home/wangshaoyan/proJect/C-GpuStreamGraph-CG/logs/performance_matrix_20260912/runs/performance.usa.10k.current.c2.h2.w20.r0.attempt0.log
usa,10,current,0,3,1304.2,/home/wangshaoyan/proJect/C-GpuStreamGraph-CG/logs/performance_matrix_20260912/runs/performance.usa.10k.current.c2.h2.w20.r0.attempt0.log
usa,10,current,0,4,1118.221,/home/wangshaoyan/proJect/C-GpuStreamGraph-CG/logs/performance_matrix_20260912/runs/performance.usa.10k.current.c2.h2.w20.r0.attempt0.log
usa,10,current,0,5,1315.101,/home/wangshaoyan/proJect/C-GpuStreamGraph-CG/logs/performance_matrix_20260912/runs/performance.usa.10k.current.c2.h2.w20.r0.attempt0.log
usa,10,current,0,6,2426.813,/home/wangshaoyan/proJect/C-GpuStreamGraph-CG/logs/performance_matrix_20260912/runs/performance.usa.10k.current.c2.h2.w20.r0.attempt0.log
usa,10,current,0,7,1396.048,/home/wangshaoyan/proJect/C-GpuStreamGraph-CG/logs/performance_matrix_20260912/runs/performance.usa.10k.current.c2.h2.w20.r0.attempt0.log
usa,10,current,0,8,1192.588,/home/wangshaoyan/proJect/C-GpuStreamGraph-CG/logs/performance_matrix_20260912/runs/performance.usa.10k.current.c2.h2.w20.r0.attempt0.log
usa,10,current,0,9,989.951,/home/wangshaoyan/proJect/C-GpuStreamGraph-CG/logs/performance_matrix_20260912/runs/performance.usa.10k.current.c2.h2.w20.r0.attempt0.log
usa,10,current,1,0,2173.866,/home/wangshaoyan/proJect/C-GpuStreamGraph-CG/logs/performance_matrix_20260912/runs/performance.usa.10k.current.c2.h2.w20.r1.attempt0.log
usa,10,current,1,1,1397.012,/home/wangshaoyan/proJect/C-GpuStreamGraph-CG/logs/performance_matrix_20260912/runs/performance.usa.10k.current.c2.h2.w20.r1.attempt0.log
usa,10,current,1,2,2032.421,/home/wangshaoyan/proJect/C-GpuStreamGraph-CG/logs/performance_matrix_20260912/runs/performance.usa.10k.current.c2.h2.w20.r1.attempt0.log
usa,10,current,1,3,1310.242,/home/wangshaoyan/proJect/C-GpuStreamGraph-CG/logs/performance_matrix_20260912/runs/performance.usa.10k.current.c2.h2.w20.r1.attempt0.log
usa,10,current,1,4,1118.83,/home/wangshaoyan/proJect/C-GpuStreamGraph-CG/logs/performance_matrix_20260912/runs/performance.usa.10k.current.c2.h2.w20.r1.attempt0.log
usa,10,current,1,5,1339.269,/home/wangshaoyan/proJect/C-GpuStreamGraph-CG/logs/performance_matrix_20260912/runs/performance.usa.10k.current.c2.h2.w20.r1.attempt0.log
usa,10,current,1,6,2370.619,/home/wangshaoyan/proJect/C-GpuStreamGraph-CG/logs/performance_matrix_20260912/runs/performance.usa.10k.current.c2.h2.w20.r1.attempt0.log
usa,10,current,1,7,1404.972,/home/wangshaoyan/proJect/C-GpuStreamGraph-CG/logs/performance_matrix_20260912/runs/performance.usa.10k.current.c2.h2.w20.r1.attempt0.log
usa,10,current,1,8,1204.872,/home/wangshaoyan/proJect/C-GpuStreamGraph-CG/logs/performance_matrix_20260912/runs/performance.usa.10k.current.c2.h2.w20.r1.attempt0.log
usa,10,current,1,9,998.981,/home/wangshaoyan/proJect/C-GpuStreamGraph-CG/logs/performance_matrix_20260912/runs/performance.usa.10k.current.c2.h2.w20.r1.attempt0.log
usa,10,current,2,0,2162.787,/home/wangshaoyan/proJect/C-GpuStreamGraph-CG/logs/performance_matrix_20260912/runs/performance.usa.10k.current.c2.h2.w20.r2.attempt0.log
usa,10,current,2,1,1472.244,/home/wangshaoyan/proJect/C-GpuStreamGraph-CG/logs/performance_matrix_20260912/runs/performance.usa.10k.current.c2.h2.w20.r2.attempt0.log
usa,10,current,2,2,2057.908,/home/wangshaoyan/proJect/C-GpuStreamGraph-CG/logs/performance_matrix_20260912/runs/performance.usa.10k.current.c2.h2.w20.r2.attempt0.log
usa,10,current,2,3,1335.611,/home/wangshaoyan/proJect/C-GpuStreamGraph-CG/logs/performance_matrix_20260912/runs/performance.usa.10k.current.c2.h2.w20.r2.attempt0.log
usa,10,current,2,4,1174.896,/home/wangshaoyan/proJect/C-GpuStreamGraph-CG/logs/performance_matrix_20260912/runs/performance.usa.10k.current.c2.h2.w20.r2.attempt0.log
usa,10,current,2,5,1342.935,/home/wangshaoyan/proJect/C-GpuStreamGraph-CG/logs/performance_matrix_20260912/runs/performance.usa.10k.current.c2.h2.w20.r2.attempt0.log
usa,10,current,2,6,2445.362,/home/wangshaoyan/proJect/C-GpuStreamGraph-CG/logs/performance_matrix_20260912/runs/performance.usa.10k.current.c2.h2.w20.r2.attempt0.log
usa,10,current,2,7,1435.796,/home/wangshaoyan/proJect/C-GpuStreamGraph-CG/logs/performance_matrix_20260912/runs/performance.usa.10k.current.c2.h2.w20.r2.attempt0.log
usa,10,current,2,8,1235.513,/home/wangshaoyan/proJect/C-GpuStreamGraph-CG/logs/performance_matrix_20260912/runs/performance.usa.10k.current.c2.h2.w20.r2.attempt0.log
usa,10,current,2,9,1014.458,/home/wangshaoyan/proJect/C-GpuStreamGraph-CG/logs/performance_matrix_20260912/runs/performance.usa.10k.current.c2.h2.w20.r2.attempt0.log
usa,10,original,0,0,52270.805,/home/wangshaoyan/proJect/C-GpuStreamGraph-CG/logs/performance_matrix_20260912/runs/performance.usa.10k.original.c2.h1.w20.r0.attempt0.log
usa,10,original,0,1,49844.818,/home/wangshaoyan/proJect/C-GpuStreamGraph-CG/logs/performance_matrix_20260912/runs/performance.usa.10k.original.c2.h1.w20.r0.attempt0.log
usa,10,original,0,2,46130.065,/home/wangshaoyan/proJect/C-GpuStreamGraph-CG/logs/performance_matrix_20260912/runs/performance.usa.10k.original.c2.h1.w20.r0.attempt0.log
usa,10,original,0,3,24371.875,/home/wangshaoyan/proJect/C-GpuStreamGraph-CG/logs/performance_matrix_20260912/runs/performance.usa.10k.original.c2.h1.w20.r0.attempt0.log
usa,10,original,0,4,41826.792,/home/wangshaoyan/proJect/C-GpuStreamGraph-CG/logs/performance_matrix_20260912/runs/performance.usa.10k.original.c2.h1.w20.r0.attempt0.log
usa,10,original,0,5,26888.57,/home/wangshaoyan/proJect/C-GpuStreamGraph-CG/logs/performance_matrix_20260912/runs/performance.usa.10k.original.c2.h1.w20.r0.attempt0.log
usa,10,original,0,6,37049.256,/home/wangshaoyan/proJect/C-GpuStreamGraph-CG/logs/performance_matrix_20260912/runs/performance.usa.10k.original.c2.h1.w20.r0.attempt0.log
usa,10,original,0,7,26805.288,/home/wangshaoyan/proJect/C-GpuStreamGraph-CG/logs/performance_matrix_20260912/runs/performance.usa.10k.original.c2.h1.w20.r0.attempt0.log
usa,10,original,0,8,29148.102,/home/wangshaoyan/proJect/C-GpuStreamGraph-CG/logs/performance_matrix_20260912/runs/performance.usa.10k.original.c2.h1.w20.r0.attempt0.log
usa,10,original,0,9,27134.377,/home/wangshaoyan/proJect/C-GpuStreamGraph-CG/logs/performance_matrix_20260912/runs/performance.usa.10k.original.c2.h1.w20.r0.attempt0.log
usa,10,original,1,0,52042.002,/home/wangshaoyan/proJect/C-GpuStreamGraph-CG/logs/performance_matrix_20260912/runs/performance.usa.10k.original.c2.h1.w20.r1.attempt0.log
usa,10,original,1,1,49593.402,/home/wangshaoyan/proJect/C-GpuStreamGraph-CG/logs/performance_matrix_20260912/runs/performance.usa.10k.original.c2.h1.w20.r1.attempt0.log
usa,10,original,1,2,45802.728,/home/wangshaoyan/proJect/C-GpuStreamGraph-CG/logs/performance_matrix_20260912/runs/performance.usa.10k.original.c2.h1.w20.r1.attempt0.log
usa,10,original,1,3,24241.042,/home/wangshaoyan/proJect/C-GpuStreamGraph-CG/logs/performance_matrix_20260912/runs/performance.usa.10k.original.c2.h1.w20.r1.attempt0.log
usa,10,original,1,4,41575.652,/home/wangshaoyan/proJect/C-GpuStreamGraph-CG/logs/performance_matrix_20260912/runs/performance.usa.10k.original.c2.h1.w20.r1.attempt0.log
usa,10,original,1,5,26851.538,/home/wangshaoyan/proJect/C-GpuStreamGraph-CG/logs/performance_matrix_20260912/runs/performance.usa.10k.original.c2.h1.w20.r1.attempt0.log
usa,10,original,1,6,36951.89,/home/wangshaoyan/proJect/C-GpuStreamGraph-CG/logs/performance_matrix_20260912/runs/performance.usa.10k.original.c2.h1.w20.r1.attempt0.log
usa,10,original,1,7,26735.38,/home/wangshaoyan/proJect/C-GpuStreamGraph-CG/logs/performance_matrix_20260912/runs/performance.usa.10k.original.c2.h1.w20.r1.attempt0.log
usa,10,original,1,8,28807.543,/home/wangshaoyan/proJect/C-GpuStreamGraph-CG/logs/performance_matrix_20260912/runs/performance.usa.10k.original.c2.h1.w20.r1.attempt0.log
usa,10,original,1,9,27006.377,/home/wangshaoyan/proJect/C-GpuStreamGraph-CG/logs/performance_matrix_20260912/runs/performance.usa.10k.original.c2.h1.w20.r1.attempt0.log
usa,10,original,2,0,51908.327,/home/wangshaoyan/proJect/C-GpuStreamGraph-CG/logs/performance_matrix_20260912/runs/performance.usa.10k.original.c2.h1.w20.r2.attempt0.log
usa,10,original,2,1,49484.874,/home/wangshaoyan/proJect/C-GpuStreamGraph-CG/logs/performance_matrix_20260912/runs/performance.usa.10k.original.c2.h1.w20.r2.attempt0.log
usa,10,original,2,2,45743.274,/home/wangshaoyan/proJect/C-GpuStreamGraph-CG/logs/performance_matrix_20260912/runs/performance.usa.10k.original.c2.h1.w20.r2.attempt0.log
usa,10,original,2,3,24239.832,/home/wangshaoyan/proJect/C-GpuStreamGraph-CG/logs/performance_matrix_20260912/runs/performance.usa.10k.original.c2.h1.w20.r2.attempt0.log
usa,10,original,2,4,41571.866,/home/wangshaoyan/proJect/C-GpuStreamGraph-CG/logs/performance_matrix_20260912/runs/performance.usa.10k.original.c2.h1.w20.r2.attempt0.log
usa,10,original,2,5,26781.494,/home/wangshaoyan/proJect/C-GpuStreamGraph-CG/logs/performance_matrix_20260912/runs/performance.usa.10k.original.c2.h1.w20.r2.attempt0.log
usa,10,original,2,6,36880.349,/home/wangshaoyan/proJect/C-GpuStreamGraph-CG/logs/performance_matrix_20260912/runs/performance.usa.10k.original.c2.h1.w20.r2.attempt0.log
usa,10,original,2,7,26607.409,/home/wangshaoyan/proJect/C-GpuStreamGraph-CG/logs/performance_matrix_20260912/runs/performance.usa.10k.original.c2.h1.w20.r2.attempt0.log
usa,10,original,2,8,28724.443,/home/wangshaoyan/proJect/C-GpuStreamGraph-CG/logs/performance_matrix_20260912/runs/performance.usa.10k.original.c2.h1.w20.r2.attempt0.log
usa,10,original,2,9,26981.707,/home/wangshaoyan/proJect/C-GpuStreamGraph-CG/logs/performance_matrix_20260912/runs/performance.usa.10k.original.c2.h1.w20.r2.attempt0.log
usa,100,current,0,0,8689.989,/home/wangshaoyan/proJect/C-GpuStreamGraph-CG/logs/performance_matrix_20260912/runs/performance.usa.100k.current.c2.h2.w20.r0.attempt0.log
usa,100,current,0,1,6877.168,/home/wangshaoyan/proJect/C-GpuStreamGraph-CG/logs/performance_matrix_20260912/runs/performance.usa.100k.current.c2.h2.w20.r0.attempt0.log
usa,100,current,0,2,8517.187,/home/wangshaoyan/proJect/C-GpuStreamGraph-CG/logs/performance_matrix_20260912/runs/performance.usa.100k.current.c2.h2.w20.r0.attempt0.log
usa,100,current,0,3,6746.926,/home/wangshaoyan/proJect/C-GpuStreamGraph-CG/logs/performance_matrix_20260912/runs/performance.usa.100k.current.c2.h2.w20.r0.attempt0.log
usa,100,current,0,4,7875.659,/home/wangshaoyan/proJect/C-GpuStreamGraph-CG/logs/performance_matrix_20260912/runs/performance.usa.100k.current.c2.h2.w20.r0.attempt0.log
usa,100,current,0,5,8265.391,/home/wangshaoyan/proJect/C-GpuStreamGraph-CG/logs/performance_matrix_20260912/runs/performance.usa.100k.current.c2.h2.w20.r0.attempt0.log
usa,100,current,0,6,8147.511,/home/wangshaoyan/proJect/C-GpuStreamGraph-CG/logs/performance_matrix_20260912/runs/performance.usa.100k.current.c2.h2.w20.r0.attempt0.log
usa,100,current,0,7,8820.982,/home/wangshaoyan/proJect/C-GpuStreamGraph-CG/logs/performance_matrix_20260912/runs/performance.usa.100k.current.c2.h2.w20.r0.attempt0.log
usa,100,current,0,8,7633.206,/home/wangshaoyan/proJect/C-GpuStreamGraph-CG/logs/performance_matrix_20260912/runs/performance.usa.100k.current.c2.h2.w20.r0.attempt0.log
usa,100,current,0,9,8624.211,/home/wangshaoyan/proJect/C-GpuStreamGraph-CG/logs/performance_matrix_20260912/runs/performance.usa.100k.current.c2.h2.w20.r0.attempt0.log
usa,100,current,1,0,8688.549,/home/wangshaoyan/proJect/C-GpuStreamGraph-CG/logs/performance_matrix_20260912/runs/performance.usa.100k.current.c2.h2.w20.r1.attempt0.log
usa,100,current,1,1,6786.739,/home/wangshaoyan/proJect/C-GpuStreamGraph-CG/logs/performance_matrix_20260912/runs/performance.usa.100k.current.c2.h2.w20.r1.attempt0.log
usa,100,current,1,2,8466.599,/home/wangshaoyan/proJect/C-GpuStreamGraph-CG/logs/performance_matrix_20260912/runs/performance.usa.100k.current.c2.h2.w20.r1.attempt0.log
usa,100,current,1,3,6680.835,/home/wangshaoyan/proJect/C-GpuStreamGraph-CG/logs/performance_matrix_20260912/runs/performance.usa.100k.current.c2.h2.w20.r1.attempt0.log
usa,100,current,1,4,7871.249,/home/wangshaoyan/proJect/C-GpuStreamGraph-CG/logs/performance_matrix_20260912/runs/performance.usa.100k.current.c2.h2.w20.r1.attempt0.log
usa,100,current,1,5,8256.035,/home/wangshaoyan/proJect/C-GpuStreamGraph-CG/logs/performance_matrix_20260912/runs/performance.usa.100k.current.c2.h2.w20.r1.attempt0.log
usa,100,current,1,6,8165.32,/home/wangshaoyan/proJect/C-GpuStreamGraph-CG/logs/performance_matrix_20260912/runs/performance.usa.100k.current.c2.h2.w20.r1.attempt0.log
usa,100,current,1,7,8755.574,/home/wangshaoyan/proJect/C-GpuStreamGraph-CG/logs/performance_matrix_20260912/runs/performance.usa.100k.current.c2.h2.w20.r1.attempt0.log
usa,100,current,1,8,7628.484,/home/wangshaoyan/proJect/C-GpuStreamGraph-CG/logs/performance_matrix_20260912/runs/performance.usa.100k.current.c2.h2.w20.r1.attempt0.log
usa,100,current,1,9,8681.211,/home/wangshaoyan/proJect/C-GpuStreamGraph-CG/logs/performance_matrix_20260912/runs/performance.usa.100k.current.c2.h2.w20.r1.attempt0.log
usa,100,current,2,0,8619.11,/home/wangshaoyan/proJect/C-GpuStreamGraph-CG/logs/performance_matrix_20260912/runs/performance.usa.100k.current.c2.h2.w20.r2.attempt0.log
usa,100,current,2,1,6745.695,/home/wangshaoyan/proJect/C-GpuStreamGraph-CG/logs/performance_matrix_20260912/runs/performance.usa.100k.current.c2.h2.w20.r2.attempt0.log
usa,100,current,2,2,8344.123,/home/wangshaoyan/proJect/C-GpuStreamGraph-CG/logs/performance_matrix_20260912/runs/performance.usa.100k.current.c2.h2.w20.r2.attempt0.log
usa,100,current,2,3,6680.152,/home/wangshaoyan/proJect/C-GpuStreamGraph-CG/logs/performance_matrix_20260912/runs/performance.usa.100k.current.c2.h2.w20.r2.attempt0.log
usa,100,current,2,4,7785.041,/home/wangshaoyan/proJect/C-GpuStreamGraph-CG/logs/performance_matrix_20260912/runs/performance.usa.100k.current.c2.h2.w20.r2.attempt0.log
usa,100,current,2,5,8077.853,/home/wangshaoyan/proJect/C-GpuStreamGraph-CG/logs/performance_matrix_20260912/runs/performance.usa.100k.current.c2.h2.w20.r2.attempt0.log
usa,100,current,2,6,8110.897,/home/wangshaoyan/proJect/C-GpuStreamGraph-CG/logs/performance_matrix_20260912/runs/performance.usa.100k.current.c2.h2.w20.r2.attempt0.log
usa,100,current,2,7,8751.21,/home/wangshaoyan/proJect/C-GpuStreamGraph-CG/logs/performance_matrix_20260912/runs/performance.usa.100k.current.c2.h2.w20.r2.attempt0.log
usa,100,current,2,8,7647.81,/home/wangshaoyan/proJect/C-GpuStreamGraph-CG/logs/performance_matrix_20260912/runs/performance.usa.100k.current.c2.h2.w20.r2.attempt0.log
usa,100,current,2,9,8573.168,/home/wangshaoyan/proJect/C-GpuStreamGraph-CG/logs/performance_matrix_20260912/runs/performance.usa.100k.current.c2.h2.w20.r2.attempt0.log
usa,100,original,0,0,62952.952,/home/wangshaoyan/proJect/C-GpuStreamGraph-CG/logs/performance_matrix_20260912/runs/performance.usa.100k.original.c2.h1.w20.r0.attempt0.log
usa,100,original,0,1,51357.73,/home/wangshaoyan/proJect/C-GpuStreamGraph-CG/logs/performance_matrix_20260912/runs/performance.usa.100k.original.c2.h1.w20.r0.attempt0.log
usa,100,original,0,2,59231.312,/home/wangshaoyan/proJect/C-GpuStreamGraph-CG/logs/performance_matrix_20260912/runs/performance.usa.100k.original.c2.h1.w20.r0.attempt0.log
usa,100,original,0,3,43985.616,/home/wangshaoyan/proJect/C-GpuStreamGraph-CG/logs/performance_matrix_20260912/runs/performance.usa.100k.original.c2.h1.w20.r0.attempt0.log
usa,100,original,0,4,52140.126,/home/wangshaoyan/proJect/C-GpuStreamGraph-CG/logs/performance_matrix_20260912/runs/performance.usa.100k.original.c2.h1.w20.r0.attempt0.log
usa,100,original,0,5,43837.532,/home/wangshaoyan/proJect/C-GpuStreamGraph-CG/logs/performance_matrix_20260912/runs/performance.usa.100k.original.c2.h1.w20.r0.attempt0.log
usa,100,original,0,6,43489.387,/home/wangshaoyan/proJect/C-GpuStreamGraph-CG/logs/performance_matrix_20260912/runs/performance.usa.100k.original.c2.h1.w20.r0.attempt0.log
usa,100,original,0,7,49213.527,/home/wangshaoyan/proJect/C-GpuStreamGraph-CG/logs/performance_matrix_20260912/runs/performance.usa.100k.original.c2.h1.w20.r0.attempt0.log
usa,100,original,0,8,39447.989,/home/wangshaoyan/proJect/C-GpuStreamGraph-CG/logs/performance_matrix_20260912/runs/performance.usa.100k.original.c2.h1.w20.r0.attempt0.log
usa,100,original,0,9,45526.702,/home/wangshaoyan/proJect/C-GpuStreamGraph-CG/logs/performance_matrix_20260912/runs/performance.usa.100k.original.c2.h1.w20.r0.attempt0.log
usa,100,original,1,0,60575.505,/home/wangshaoyan/proJect/C-GpuStreamGraph-CG/logs/performance_matrix_20260912/runs/performance.usa.100k.original.c2.h1.w20.r1.attempt0.log
usa,100,original,1,1,49330.314,/home/wangshaoyan/proJect/C-GpuStreamGraph-CG/logs/performance_matrix_20260912/runs/performance.usa.100k.original.c2.h1.w20.r1.attempt0.log
usa,100,original,1,2,56954.654,/home/wangshaoyan/proJect/C-GpuStreamGraph-CG/logs/performance_matrix_20260912/runs/performance.usa.100k.original.c2.h1.w20.r1.attempt0.log
usa,100,original,1,3,42339.829,/home/wangshaoyan/proJect/C-GpuStreamGraph-CG/logs/performance_matrix_20260912/runs/performance.usa.100k.original.c2.h1.w20.r1.attempt0.log
usa,100,original,1,4,50060.811,/home/wangshaoyan/proJect/C-GpuStreamGraph-CG/logs/performance_matrix_20260912/runs/performance.usa.100k.original.c2.h1.w20.r1.attempt0.log
usa,100,original,1,5,42054.07,/home/wangshaoyan/proJect/C-GpuStreamGraph-CG/logs/performance_matrix_20260912/runs/performance.usa.100k.original.c2.h1.w20.r1.attempt0.log
usa,100,original,1,6,41768.298,/home/wangshaoyan/proJect/C-GpuStreamGraph-CG/logs/performance_matrix_20260912/runs/performance.usa.100k.original.c2.h1.w20.r1.attempt0.log
usa,100,original,1,7,47056.696,/home/wangshaoyan/proJect/C-GpuStreamGraph-CG/logs/performance_matrix_20260912/runs/performance.usa.100k.original.c2.h1.w20.r1.attempt0.log
usa,100,original,1,8,37936.248,/home/wangshaoyan/proJect/C-GpuStreamGraph-CG/logs/performance_matrix_20260912/runs/performance.usa.100k.original.c2.h1.w20.r1.attempt0.log
usa,100,original,1,9,43603.87,/home/wangshaoyan/proJect/C-GpuStreamGraph-CG/logs/performance_matrix_20260912/runs/performance.usa.100k.original.c2.h1.w20.r1.attempt0.log
usa,100,original,2,0,60651.06,/home/wangshaoyan/proJect/C-GpuStreamGraph-CG/logs/performance_matrix_20260912/runs/performance.usa.100k.original.c2.h1.w20.r2.attempt0.log
usa,100,original,2,1,49400.985,/home/wangshaoyan/proJect/C-GpuStreamGraph-CG/logs/performance_matrix_20260912/runs/performance.usa.100k.original.c2.h1.w20.r2.attempt0.log
usa,100,original,2,2,56921.416,/home/wangshaoyan/proJect/C-GpuStreamGraph-CG/logs/performance_matrix_20260912/runs/performance.usa.100k.original.c2.h1.w20.r2.attempt0.log
usa,100,original,2,3,42317.066,/home/wangshaoyan/proJect/C-GpuStreamGraph-CG/logs/performance_matrix_20260912/runs/performance.usa.100k.original.c2.h1.w20.r2.attempt0.log
usa,100,original,2,4,50032.755,/home/wangshaoyan/proJect/C-GpuStreamGraph-CG/logs/performance_matrix_20260912/runs/performance.usa.100k.original.c2.h1.w20.r2.attempt0.log
usa,100,original,2,5,42089.186,/home/wangshaoyan/proJect/C-GpuStreamGraph-CG/logs/performance_matrix_20260912/runs/performance.usa.100k.original.c2.h1.w20.r2.attempt0.log
usa,100,original,2,6,41767.691,/home/wangshaoyan/proJect/C-GpuStreamGraph-CG/logs/performance_matrix_20260912/runs/performance.usa.100k.original.c2.h1.w20.r2.attempt0.log
usa,100,original,2,7,47141.331,/home/wangshaoyan/proJect/C-GpuStreamGraph-CG/logs/performance_matrix_20260912/runs/performance.usa.100k.original.c2.h1.w20.r2.attempt0.log
usa,100,original,2,8,37915.791,/home/wangshaoyan/proJect/C-GpuStreamGraph-CG/logs/performance_matrix_20260912/runs/performance.usa.100k.original.c2.h1.w20.r2.attempt0.log
usa,100,original,2,9,43740.68,/home/wangshaoyan/proJect/C-GpuStreamGraph-CG/logs/performance_matrix_20260912/runs/performance.usa.100k.original.c2.h1.w20.r2.attempt0.log
usa,1000,current,0,0,35587.306,/home/wangshaoyan/proJect/C-GpuStreamGraph-CG/logs/performance_matrix_20260912/runs/performance.usa.1000k.current.c2.h2.w20.r0.attempt0.log
usa,1000,current,0,1,39452.979,/home/wangshaoyan/proJect/C-GpuStreamGraph-CG/logs/performance_matrix_20260912/runs/performance.usa.1000k.current.c2.h2.w20.r0.attempt0.log
usa,1000,current,0,2,40401.405,/home/wangshaoyan/proJect/C-GpuStreamGraph-CG/logs/performance_matrix_20260912/runs/performance.usa.1000k.current.c2.h2.w20.r0.attempt0.log
usa,1000,current,0,3,44393.388,/home/wangshaoyan/proJect/C-GpuStreamGraph-CG/logs/performance_matrix_20260912/runs/performance.usa.1000k.current.c2.h2.w20.r0.attempt0.log
usa,1000,current,0,4,38946.549,/home/wangshaoyan/proJect/C-GpuStreamGraph-CG/logs/performance_matrix_20260912/runs/performance.usa.1000k.current.c2.h2.w20.r0.attempt0.log
usa,1000,current,0,5,40155.172,/home/wangshaoyan/proJect/C-GpuStreamGraph-CG/logs/performance_matrix_20260912/runs/performance.usa.1000k.current.c2.h2.w20.r0.attempt0.log
usa,1000,current,0,6,42452.401,/home/wangshaoyan/proJect/C-GpuStreamGraph-CG/logs/performance_matrix_20260912/runs/performance.usa.1000k.current.c2.h2.w20.r0.attempt0.log
usa,1000,current,0,7,40535.357,/home/wangshaoyan/proJect/C-GpuStreamGraph-CG/logs/performance_matrix_20260912/runs/performance.usa.1000k.current.c2.h2.w20.r0.attempt0.log
usa,1000,current,0,8,42244.093,/home/wangshaoyan/proJect/C-GpuStreamGraph-CG/logs/performance_matrix_20260912/runs/performance.usa.1000k.current.c2.h2.w20.r0.attempt0.log
usa,1000,current,0,9,45873.415,/home/wangshaoyan/proJect/C-GpuStreamGraph-CG/logs/performance_matrix_20260912/runs/performance.usa.1000k.current.c2.h2.w20.r0.attempt0.log
usa,1000,current,1,0,35779.34,/home/wangshaoyan/proJect/C-GpuStreamGraph-CG/logs/performance_matrix_20260912/runs/performance.usa.1000k.current.c2.h2.w20.r1.attempt0.log
usa,1000,current,1,1,40889.057,/home/wangshaoyan/proJect/C-GpuStreamGraph-CG/logs/performance_matrix_20260912/runs/performance.usa.1000k.current.c2.h2.w20.r1.attempt0.log
usa,1000,current,1,2,41876.258,/home/wangshaoyan/proJect/C-GpuStreamGraph-CG/logs/performance_matrix_20260912/runs/performance.usa.1000k.current.c2.h2.w20.r1.attempt0.log
usa,1000,current,1,3,45259.004,/home/wangshaoyan/proJect/C-GpuStreamGraph-CG/logs/performance_matrix_20260912/runs/performance.usa.1000k.current.c2.h2.w20.r1.attempt0.log
usa,1000,current,1,4,39067.053,/home/wangshaoyan/proJect/C-GpuStreamGraph-CG/logs/performance_matrix_20260912/runs/performance.usa.1000k.current.c2.h2.w20.r1.attempt0.log
usa,1000,current,1,5,39903.601,/home/wangshaoyan/proJect/C-GpuStreamGraph-CG/logs/performance_matrix_20260912/runs/performance.usa.1000k.current.c2.h2.w20.r1.attempt0.log
usa,1000,current,1,6,42242.607,/home/wangshaoyan/proJect/C-GpuStreamGraph-CG/logs/performance_matrix_20260912/runs/performance.usa.1000k.current.c2.h2.w20.r1.attempt0.log
usa,1000,current,1,7,40436.586,/home/wangshaoyan/proJect/C-GpuStreamGraph-CG/logs/performance_matrix_20260912/runs/performance.usa.1000k.current.c2.h2.w20.r1.attempt0.log
usa,1000,current,1,8,42284.96,/home/wangshaoyan/proJect/C-GpuStreamGraph-CG/logs/performance_matrix_20260912/runs/performance.usa.1000k.current.c2.h2.w20.r1.attempt0.log
usa,1000,current,1,9,45613.843,/home/wangshaoyan/proJect/C-GpuStreamGraph-CG/logs/performance_matrix_20260912/runs/performance.usa.1000k.current.c2.h2.w20.r1.attempt0.log
usa,1000,current,2,0,35777.351,/home/wangshaoyan/proJect/C-GpuStreamGraph-CG/logs/performance_matrix_20260912/runs/performance.usa.1000k.current.c2.h2.w20.r2.attempt0.log
usa,1000,current,2,1,39543.329,/home/wangshaoyan/proJect/C-GpuStreamGraph-CG/logs/performance_matrix_20260912/runs/performance.usa.1000k.current.c2.h2.w20.r2.attempt0.log
usa,1000,current,2,2,40591.772,/home/wangshaoyan/proJect/C-GpuStreamGraph-CG/logs/performance_matrix_20260912/runs/performance.usa.1000k.current.c2.h2.w20.r2.attempt0.log
usa,1000,current,2,3,44647.73,/home/wangshaoyan/proJect/C-GpuStreamGraph-CG/logs/performance_matrix_20260912/runs/performance.usa.1000k.current.c2.h2.w20.r2.attempt0.log
usa,1000,current,2,4,39299.673,/home/wangshaoyan/proJect/C-GpuStreamGraph-CG/logs/performance_matrix_20260912/runs/performance.usa.1000k.current.c2.h2.w20.r2.attempt0.log
usa,1000,current,2,5,39964.137,/home/wangshaoyan/proJect/C-GpuStreamGraph-CG/logs/performance_matrix_20260912/runs/performance.usa.1000k.current.c2.h2.w20.r2.attempt0.log
usa,1000,current,2,6,42160.946,/home/wangshaoyan/proJect/C-GpuStreamGraph-CG/logs/performance_matrix_20260912/runs/performance.usa.1000k.current.c2.h2.w20.r2.attempt0.log
usa,1000,current,2,7,40758.831,/home/wangshaoyan/proJect/C-GpuStreamGraph-CG/logs/performance_matrix_20260912/runs/performance.usa.1000k.current.c2.h2.w20.r2.attempt0.log
usa,1000,current,2,8,42865.811,/home/wangshaoyan/proJect/C-GpuStreamGraph-CG/logs/performance_matrix_20260912/runs/performance.usa.1000k.current.c2.h2.w20.r2.attempt0.log
usa,1000,current,2,9,45415.847,/home/wangshaoyan/proJect/C-GpuStreamGraph-CG/logs/performance_matrix_20260912/runs/performance.usa.1000k.current.c2.h2.w20.r2.attempt0.log
usa,1000,original,0,0,61332.886,/home/wangshaoyan/proJect/C-GpuStreamGraph-CG/logs/performance_matrix_20260912/runs/performance.usa.1000k.original.c2.h1.w20.r0.attempt0.log
usa,1000,original,0,1,54516.014,/home/wangshaoyan/proJect/C-GpuStreamGraph-CG/logs/performance_matrix_20260912/runs/performance.usa.1000k.original.c2.h1.w20.r0.attempt0.log
usa,1000,original,0,2,58521.114,/home/wangshaoyan/proJect/C-GpuStreamGraph-CG/logs/performance_matrix_20260912/runs/performance.usa.1000k.original.c2.h1.w20.r0.attempt0.log
usa,1000,original,0,3,48982.673,/home/wangshaoyan/proJect/C-GpuStreamGraph-CG/logs/performance_matrix_20260912/runs/performance.usa.1000k.original.c2.h1.w20.r0.attempt0.log
usa,1000,original,0,4,42467.865,/home/wangshaoyan/proJect/C-GpuStreamGraph-CG/logs/performance_matrix_20260912/runs/performance.usa.1000k.original.c2.h1.w20.r0.attempt0.log
usa,1000,original,0,5,34625.165,/home/wangshaoyan/proJect/C-GpuStreamGraph-CG/logs/performance_matrix_20260912/runs/performance.usa.1000k.original.c2.h1.w20.r0.attempt0.log
usa,1000,original,0,6,35074.442,/home/wangshaoyan/proJect/C-GpuStreamGraph-CG/logs/performance_matrix_20260912/runs/performance.usa.1000k.original.c2.h1.w20.r0.attempt0.log
usa,1000,original,0,7,37293.979,/home/wangshaoyan/proJect/C-GpuStreamGraph-CG/logs/performance_matrix_20260912/runs/performance.usa.1000k.original.c2.h1.w20.r0.attempt0.log
usa,1000,original,0,8,35691.98,/home/wangshaoyan/proJect/C-GpuStreamGraph-CG/logs/performance_matrix_20260912/runs/performance.usa.1000k.original.c2.h1.w20.r0.attempt0.log
usa,1000,original,0,9,42232.907,/home/wangshaoyan/proJect/C-GpuStreamGraph-CG/logs/performance_matrix_20260912/runs/performance.usa.1000k.original.c2.h1.w20.r0.attempt0.log
usa,1000,original,1,0,61208.016,/home/wangshaoyan/proJect/C-GpuStreamGraph-CG/logs/performance_matrix_20260912/runs/performance.usa.1000k.original.c2.h1.w20.r1.attempt0.log
usa,1000,original,1,1,54337.817,/home/wangshaoyan/proJect/C-GpuStreamGraph-CG/logs/performance_matrix_20260912/runs/performance.usa.1000k.original.c2.h1.w20.r1.attempt0.log
usa,1000,original,1,2,58506.825,/home/wangshaoyan/proJect/C-GpuStreamGraph-CG/logs/performance_matrix_20260912/runs/performance.usa.1000k.original.c2.h1.w20.r1.attempt0.log
usa,1000,original,1,3,48757.75,/home/wangshaoyan/proJect/C-GpuStreamGraph-CG/logs/performance_matrix_20260912/runs/performance.usa.1000k.original.c2.h1.w20.r1.attempt0.log
usa,1000,original,1,4,42399.816,/home/wangshaoyan/proJect/C-GpuStreamGraph-CG/logs/performance_matrix_20260912/runs/performance.usa.1000k.original.c2.h1.w20.r1.attempt0.log
usa,1000,original,1,5,34561.018,/home/wangshaoyan/proJect/C-GpuStreamGraph-CG/logs/performance_matrix_20260912/runs/performance.usa.1000k.original.c2.h1.w20.r1.attempt0.log
usa,1000,original,1,6,35008.753,/home/wangshaoyan/proJect/C-GpuStreamGraph-CG/logs/performance_matrix_20260912/runs/performance.usa.1000k.original.c2.h1.w20.r1.attempt0.log
usa,1000,original,1,7,37224.58,/home/wangshaoyan/proJect/C-GpuStreamGraph-CG/logs/performance_matrix_20260912/runs/performance.usa.1000k.original.c2.h1.w20.r1.attempt0.log
usa,1000,original,1,8,35711.282,/home/wangshaoyan/proJect/C-GpuStreamGraph-CG/logs/performance_matrix_20260912/runs/performance.usa.1000k.original.c2.h1.w20.r1.attempt0.log
usa,1000,original,1,9,42366.495,/home/wangshaoyan/proJect/C-GpuStreamGraph-CG/logs/performance_matrix_20260912/runs/performance.usa.1000k.original.c2.h1.w20.r1.attempt0.log
usa,1000,original,2,0,61110.703,/home/wangshaoyan/proJect/C-GpuStreamGraph-CG/logs/performance_matrix_20260912/runs/performance.usa.1000k.original.c2.h1.w20.r2.attempt0.log
usa,1000,original,2,1,54330.107,/home/wangshaoyan/proJect/C-GpuStreamGraph-CG/logs/performance_matrix_20260912/runs/performance.usa.1000k.original.c2.h1.w20.r2.attempt0.log
usa,1000,original,2,2,58297.805,/home/wangshaoyan/proJect/C-GpuStreamGraph-CG/logs/performance_matrix_20260912/runs/performance.usa.1000k.original.c2.h1.w20.r2.attempt0.log
usa,1000,original,2,3,48687.872,/home/wangshaoyan/proJect/C-GpuStreamGraph-CG/logs/performance_matrix_20260912/runs/performance.usa.1000k.original.c2.h1.w20.r2.attempt0.log
usa,1000,original,2,4,42366.255,/home/wangshaoyan/proJect/C-GpuStreamGraph-CG/logs/performance_matrix_20260912/runs/performance.usa.1000k.original.c2.h1.w20.r2.attempt0.log
usa,1000,original,2,5,34519.614,/home/wangshaoyan/proJect/C-GpuStreamGraph-CG/logs/performance_matrix_20260912/runs/performance.usa.1000k.original.c2.h1.w20.r2.attempt0.log
usa,1000,original,2,6,35025.258,/home/wangshaoyan/proJect/C-GpuStreamGraph-CG/logs/performance_matrix_20260912/runs/performance.usa.1000k.original.c2.h1.w20.r2.attempt0.log
usa,1000,original,2,7,37253.719,/home/wangshaoyan/proJect/C-GpuStreamGraph-CG/logs/performance_matrix_20260912/runs/performance.usa.1000k.original.c2.h1.w20.r2.attempt0.log
usa,1000,original,2,8,35651.104,/home/wangshaoyan/proJect/C-GpuStreamGraph-CG/logs/performance_matrix_20260912/runs/performance.usa.1000k.original.c2.h1.w20.r2.attempt0.log
usa,1000,original,2,9,42122.131,/home/wangshaoyan/proJect/C-GpuStreamGraph-CG/logs/performance_matrix_20260912/runs/performance.usa.1000k.original.c2.h1.w20.r2.attempt0.log
fs_scaling,100,current,0,0,303.891,/home/wangshaoyan/proJect/C-GpuStreamGraph-CG/logs/performance_matrix_20260912/runs/performance.fs_scaling.100k.current.c2.h0.w20.r0.attempt0.log
fs_scaling,100,current,0,1,297.331,/home/wangshaoyan/proJect/C-GpuStreamGraph-CG/logs/performance_matrix_20260912/runs/performance.fs_scaling.100k.current.c2.h0.w20.r0.attempt0.log
fs_scaling,100,current,1,0,329.48,/home/wangshaoyan/proJect/C-GpuStreamGraph-CG/logs/performance_matrix_20260912/runs/performance.fs_scaling.100k.current.c2.h0.w20.r1.attempt0.log
fs_scaling,100,current,1,1,320.105,/home/wangshaoyan/proJect/C-GpuStreamGraph-CG/logs/performance_matrix_20260912/runs/performance.fs_scaling.100k.current.c2.h0.w20.r1.attempt0.log
fs_scaling,100,current,2,0,329.04,/home/wangshaoyan/proJect/C-GpuStreamGraph-CG/logs/performance_matrix_20260912/runs/performance.fs_scaling.100k.current.c2.h0.w20.r2.attempt0.log
fs_scaling,100,current,2,1,319.227,/home/wangshaoyan/proJect/C-GpuStreamGraph-CG/logs/performance_matrix_20260912/runs/performance.fs_scaling.100k.current.c2.h0.w20.r2.attempt0.log
fs_scaling,100,original,0,0,1291.518,/home/wangshaoyan/proJect/C-GpuStreamGraph-CG/logs/performance_matrix_20260912/runs/performance.fs_scaling.100k.original.c2.h1.w20.r0.attempt0.log
fs_scaling,100,original,0,1,948.417,/home/wangshaoyan/proJect/C-GpuStreamGraph-CG/logs/performance_matrix_20260912/runs/performance.fs_scaling.100k.original.c2.h1.w20.r0.attempt0.log
fs_scaling,100,original,1,0,928.888,/home/wangshaoyan/proJect/C-GpuStreamGraph-CG/logs/performance_matrix_20260912/runs/performance.fs_scaling.100k.original.c2.h1.w20.r1.attempt0.log
fs_scaling,100,original,1,1,946.281,/home/wangshaoyan/proJect/C-GpuStreamGraph-CG/logs/performance_matrix_20260912/runs/performance.fs_scaling.100k.original.c2.h1.w20.r1.attempt0.log
fs_scaling,100,original,2,0,1021.789,/home/wangshaoyan/proJect/C-GpuStreamGraph-CG/logs/performance_matrix_20260912/runs/performance.fs_scaling.100k.original.c2.h1.w20.r2.attempt0.log
fs_scaling,100,original,2,1,1045.938,/home/wangshaoyan/proJect/C-GpuStreamGraph-CG/logs/performance_matrix_20260912/runs/performance.fs_scaling.100k.original.c2.h1.w20.r2.attempt0.log
fs_scaling,1000,current,0,0,1157.116,/home/wangshaoyan/proJect/C-GpuStreamGraph-CG/logs/performance_matrix_20260912/runs/performance.fs_scaling.1000k.current.c2.h0.w20.r0.attempt0.log
fs_scaling,1000,current,0,1,1405.022,/home/wangshaoyan/proJect/C-GpuStreamGraph-CG/logs/performance_matrix_20260912/runs/performance.fs_scaling.1000k.current.c2.h0.w20.r0.attempt0.log
fs_scaling,1000,current,1,0,1416.084,/home/wangshaoyan/proJect/C-GpuStreamGraph-CG/logs/performance_matrix_20260912/runs/performance.fs_scaling.1000k.current.c2.h0.w20.r1.attempt0.log
fs_scaling,1000,current,1,1,1260.78,/home/wangshaoyan/proJect/C-GpuStreamGraph-CG/logs/performance_matrix_20260912/runs/performance.fs_scaling.1000k.current.c2.h0.w20.r1.attempt0.log
fs_scaling,1000,current,2,0,1471.853,/home/wangshaoyan/proJect/C-GpuStreamGraph-CG/logs/performance_matrix_20260912/runs/performance.fs_scaling.1000k.current.c2.h0.w20.r2.attempt0.log
fs_scaling,1000,current,2,1,1262.853,/home/wangshaoyan/proJect/C-GpuStreamGraph-CG/logs/performance_matrix_20260912/runs/performance.fs_scaling.1000k.current.c2.h0.w20.r2.attempt0.log
fs_scaling,1000,original,0,0,1491.324,/home/wangshaoyan/proJect/C-GpuStreamGraph-CG/logs/performance_matrix_20260912/runs/performance.fs_scaling.1000k.original.c2.h1.w20.r0.attempt0.log
fs_scaling,1000,original,0,1,1510.097,/home/wangshaoyan/proJect/C-GpuStreamGraph-CG/logs/performance_matrix_20260912/runs/performance.fs_scaling.1000k.original.c2.h1.w20.r0.attempt0.log
fs_scaling,1000,original,1,0,1743.958,/home/wangshaoyan/proJect/C-GpuStreamGraph-CG/logs/performance_matrix_20260912/runs/performance.fs_scaling.1000k.original.c2.h1.w20.r1.attempt0.log
fs_scaling,1000,original,1,1,1496.981,/home/wangshaoyan/proJect/C-GpuStreamGraph-CG/logs/performance_matrix_20260912/runs/performance.fs_scaling.1000k.original.c2.h1.w20.r1.attempt0.log
fs_scaling,1000,original,2,0,1510.163,/home/wangshaoyan/proJect/C-GpuStreamGraph-CG/logs/performance_matrix_20260912/runs/performance.fs_scaling.1000k.original.c2.h1.w20.r2.attempt0.log
fs_scaling,1000,original,2,1,1522.677,/home/wangshaoyan/proJect/C-GpuStreamGraph-CG/logs/performance_matrix_20260912/runs/performance.fs_scaling.1000k.original.c2.h1.w20.r2.attempt0.log
fs_scaling,10000,current,0,0,9729.622,/home/wangshaoyan/proJect/C-GpuStreamGraph-CG/logs/performance_matrix_20260912/runs/performance.fs_scaling.10000k.current.c2.h0.w20.r0.attempt0.log
fs_scaling,10000,current,0,1,9129.622,/home/wangshaoyan/proJect/C-GpuStreamGraph-CG/logs/performance_matrix_20260912/runs/performance.fs_scaling.10000k.current.c2.h0.w20.r0.attempt0.log
fs_scaling,10000,current,1,0,9545.783,/home/wangshaoyan/proJect/C-GpuStreamGraph-CG/logs/performance_matrix_20260912/runs/performance.fs_scaling.10000k.current.c2.h0.w20.r1.attempt0.log
fs_scaling,10000,current,1,1,9374.37,/home/wangshaoyan/proJect/C-GpuStreamGraph-CG/logs/performance_matrix_20260912/runs/performance.fs_scaling.10000k.current.c2.h0.w20.r1.attempt0.log
fs_scaling,10000,current,2,0,10519.263,/home/wangshaoyan/proJect/C-GpuStreamGraph-CG/logs/performance_matrix_20260912/runs/performance.fs_scaling.10000k.current.c2.h0.w20.r2.attempt0.log
fs_scaling,10000,current,2,1,9299.441,/home/wangshaoyan/proJect/C-GpuStreamGraph-CG/logs/performance_matrix_20260912/runs/performance.fs_scaling.10000k.current.c2.h0.w20.r2.attempt0.log
fs_scaling,10000,original,0,0,5282.492,/home/wangshaoyan/proJect/C-GpuStreamGraph-CG/logs/performance_matrix_20260912/runs/performance.fs_scaling.10000k.original.c2.h1.w20.r0.attempt0.log
fs_scaling,10000,original,0,1,5304.274,/home/wangshaoyan/proJect/C-GpuStreamGraph-CG/logs/performance_matrix_20260912/runs/performance.fs_scaling.10000k.original.c2.h1.w20.r0.attempt0.log
fs_scaling,10000,original,1,0,6229.831,/home/wangshaoyan/proJect/C-GpuStreamGraph-CG/logs/performance_matrix_20260912/runs/performance.fs_scaling.10000k.original.c2.h1.w20.r1.attempt0.log
fs_scaling,10000,original,1,1,5602.582,/home/wangshaoyan/proJect/C-GpuStreamGraph-CG/logs/performance_matrix_20260912/runs/performance.fs_scaling.10000k.original.c2.h1.w20.r1.attempt0.log
fs_scaling,10000,original,2,0,6049.301,/home/wangshaoyan/proJect/C-GpuStreamGraph-CG/logs/performance_matrix_20260912/runs/performance.fs_scaling.10000k.original.c2.h1.w20.r2.attempt0.log
fs_scaling,10000,original,2,1,5418.438,/home/wangshaoyan/proJect/C-GpuStreamGraph-CG/logs/performance_matrix_20260912/runs/performance.fs_scaling.10000k.original.c2.h1.w20.r2.attempt0.log
tw_scaling,100,current,0,0,223.036,/home/wangshaoyan/proJect/C-GpuStreamGraph-CG/logs/performance_matrix_20260912/runs/performance.tw_scaling.100k.current.c2.h0.w20.r0.attempt0.log
tw_scaling,100,current,0,1,343.441,/home/wangshaoyan/proJect/C-GpuStreamGraph-CG/logs/performance_matrix_20260912/runs/performance.tw_scaling.100k.current.c2.h0.w20.r0.attempt0.log
tw_scaling,100,current,1,0,251.973,/home/wangshaoyan/proJect/C-GpuStreamGraph-CG/logs/performance_matrix_20260912/runs/performance.tw_scaling.100k.current.c2.h0.w20.r1.attempt0.log
tw_scaling,100,current,1,1,363.493,/home/wangshaoyan/proJect/C-GpuStreamGraph-CG/logs/performance_matrix_20260912/runs/performance.tw_scaling.100k.current.c2.h0.w20.r1.attempt0.log
tw_scaling,100,current,2,0,248.158,/home/wangshaoyan/proJect/C-GpuStreamGraph-CG/logs/performance_matrix_20260912/runs/performance.tw_scaling.100k.current.c2.h0.w20.r2.attempt0.log
tw_scaling,100,current,2,1,362.232,/home/wangshaoyan/proJect/C-GpuStreamGraph-CG/logs/performance_matrix_20260912/runs/performance.tw_scaling.100k.current.c2.h0.w20.r2.attempt0.log
tw_scaling,100,original,0,0,630.962,/home/wangshaoyan/proJect/C-GpuStreamGraph-CG/logs/performance_matrix_20260912/runs/performance.tw_scaling.100k.original.c2.h1.w20.r0.attempt0.log
tw_scaling,100,original,0,1,640.429,/home/wangshaoyan/proJect/C-GpuStreamGraph-CG/logs/performance_matrix_20260912/runs/performance.tw_scaling.100k.original.c2.h1.w20.r0.attempt0.log
tw_scaling,100,original,1,0,627.336,/home/wangshaoyan/proJect/C-GpuStreamGraph-CG/logs/performance_matrix_20260912/runs/performance.tw_scaling.100k.original.c2.h1.w20.r1.attempt0.log
tw_scaling,100,original,1,1,637.567,/home/wangshaoyan/proJect/C-GpuStreamGraph-CG/logs/performance_matrix_20260912/runs/performance.tw_scaling.100k.original.c2.h1.w20.r1.attempt0.log
tw_scaling,100,original,2,0,634.426,/home/wangshaoyan/proJect/C-GpuStreamGraph-CG/logs/performance_matrix_20260912/runs/performance.tw_scaling.100k.original.c2.h1.w20.r2.attempt0.log
tw_scaling,100,original,2,1,645.38,/home/wangshaoyan/proJect/C-GpuStreamGraph-CG/logs/performance_matrix_20260912/runs/performance.tw_scaling.100k.original.c2.h1.w20.r2.attempt0.log
tw_scaling,1000,current,0,0,3109.424,/home/wangshaoyan/proJect/C-GpuStreamGraph-CG/logs/performance_matrix_20260912/runs/performance.tw_scaling.1000k.current.c2.h0.w20.r0.attempt0.log
tw_scaling,1000,current,0,1,1789.099,/home/wangshaoyan/proJect/C-GpuStreamGraph-CG/logs/performance_matrix_20260912/runs/performance.tw_scaling.1000k.current.c2.h0.w20.r0.attempt0.log
tw_scaling,1000,current,1,0,3264.721,/home/wangshaoyan/proJect/C-GpuStreamGraph-CG/logs/performance_matrix_20260912/runs/performance.tw_scaling.1000k.current.c2.h0.w20.r1.attempt0.log
tw_scaling,1000,current,1,1,1857.672,/home/wangshaoyan/proJect/C-GpuStreamGraph-CG/logs/performance_matrix_20260912/runs/performance.tw_scaling.1000k.current.c2.h0.w20.r1.attempt0.log
tw_scaling,1000,current,2,0,3298.658,/home/wangshaoyan/proJect/C-GpuStreamGraph-CG/logs/performance_matrix_20260912/runs/performance.tw_scaling.1000k.current.c2.h0.w20.r2.attempt0.log
tw_scaling,1000,current,2,1,1781.739,/home/wangshaoyan/proJect/C-GpuStreamGraph-CG/logs/performance_matrix_20260912/runs/performance.tw_scaling.1000k.current.c2.h0.w20.r2.attempt0.log
tw_scaling,1000,original,0,0,1045.462,/home/wangshaoyan/proJect/C-GpuStreamGraph-CG/logs/performance_matrix_20260912/runs/performance.tw_scaling.1000k.original.c2.h1.w20.r0.attempt0.log
tw_scaling,1000,original,0,1,1016.11,/home/wangshaoyan/proJect/C-GpuStreamGraph-CG/logs/performance_matrix_20260912/runs/performance.tw_scaling.1000k.original.c2.h1.w20.r0.attempt0.log
tw_scaling,1000,original,1,0,1151.865,/home/wangshaoyan/proJect/C-GpuStreamGraph-CG/logs/performance_matrix_20260912/runs/performance.tw_scaling.1000k.original.c2.h1.w20.r1.attempt0.log
tw_scaling,1000,original,1,1,1105.79,/home/wangshaoyan/proJect/C-GpuStreamGraph-CG/logs/performance_matrix_20260912/runs/performance.tw_scaling.1000k.original.c2.h1.w20.r1.attempt0.log
tw_scaling,1000,original,2,0,1129.182,/home/wangshaoyan/proJect/C-GpuStreamGraph-CG/logs/performance_matrix_20260912/runs/performance.tw_scaling.1000k.original.c2.h1.w20.r2.attempt0.log
tw_scaling,1000,original,2,1,1112.529,/home/wangshaoyan/proJect/C-GpuStreamGraph-CG/logs/performance_matrix_20260912/runs/performance.tw_scaling.1000k.original.c2.h1.w20.r2.attempt0.log
tw_scaling,10000,current,0,0,12171.992,/home/wangshaoyan/proJect/C-GpuStreamGraph-CG/logs/performance_matrix_20260912/runs/performance.tw_scaling.10000k.current.c2.h0.w20.r0.attempt0.log
tw_scaling,10000,current,0,1,11818.692,/home/wangshaoyan/proJect/C-GpuStreamGraph-CG/logs/performance_matrix_20260912/runs/performance.tw_scaling.10000k.current.c2.h0.w20.r0.attempt0.log
tw_scaling,10000,current,1,0,9730.321,/home/wangshaoyan/proJect/C-GpuStreamGraph-CG/logs/performance_matrix_20260912/runs/performance.tw_scaling.10000k.current.c2.h0.w20.r1.attempt0.log
tw_scaling,10000,current,1,1,9438.7,/home/wangshaoyan/proJect/C-GpuStreamGraph-CG/logs/performance_matrix_20260912/runs/performance.tw_scaling.10000k.current.c2.h0.w20.r1.attempt0.log
tw_scaling,10000,current,2,0,12203.667,/home/wangshaoyan/proJect/C-GpuStreamGraph-CG/logs/performance_matrix_20260912/runs/performance.tw_scaling.10000k.current.c2.h0.w20.r2.attempt0.log
tw_scaling,10000,current,2,1,12036.202,/home/wangshaoyan/proJect/C-GpuStreamGraph-CG/logs/performance_matrix_20260912/runs/performance.tw_scaling.10000k.current.c2.h0.w20.r2.attempt0.log
tw_scaling,10000,original,0,0,4587.053,/home/wangshaoyan/proJect/C-GpuStreamGraph-CG/logs/performance_matrix_20260912/runs/performance.tw_scaling.10000k.original.c2.h1.w20.r0.attempt0.log
tw_scaling,10000,original,0,1,4618.716,/home/wangshaoyan/proJect/C-GpuStreamGraph-CG/logs/performance_matrix_20260912/runs/performance.tw_scaling.10000k.original.c2.h1.w20.r0.attempt0.log
tw_scaling,10000,original,1,0,5470.358,/home/wangshaoyan/proJect/C-GpuStreamGraph-CG/logs/performance_matrix_20260912/runs/performance.tw_scaling.10000k.original.c2.h1.w20.r1.attempt0.log
tw_scaling,10000,original,1,1,5245.492,/home/wangshaoyan/proJect/C-GpuStreamGraph-CG/logs/performance_matrix_20260912/runs/performance.tw_scaling.10000k.original.c2.h1.w20.r1.attempt0.log
tw_scaling,10000,original,2,0,5316.698,/home/wangshaoyan/proJect/C-GpuStreamGraph-CG/logs/performance_matrix_20260912/runs/performance.tw_scaling.10000k.original.c2.h1.w20.r2.attempt0.log
tw_scaling,10000,original,2,1,5487.558,/home/wangshaoyan/proJect/C-GpuStreamGraph-CG/logs/performance_matrix_20260912/runs/performance.tw_scaling.10000k.original.c2.h1.w20.r2.attempt0.log
